sent_id,subj,pred,obj
18,范围,包括,工程
56,助理,交,材料
78,主任,阅读,手册
87,项目,采用,系统
90,主任,具有,功能
117,设计,经过,分析
118,软件,减轻,劳动强度
133,主任,提出,要求
136,主任,让,助理
151,环境,产生,吸引力
166,总监,发现,问题
189,事物,作为,基础
211,主任,提醒,助理
212,会议,讨论,问题
217,边坡,分成,部分
221,会议,解决,问题
236,队长,加强,管理
289,助理,发现,问题
307,主任,欢迎,助理
308,助理,谢谢,主任
311,主任,设置,工位
314,环节,出,问题
347,发展,使,地球
382,技术,通过,认证
399,例会,进行,讨论
427,技术,处于,水平
436,人员,保持,联系
436,人员,推动,关系
450,助理,做,检查
455,助理,进行,管理
473,材料,翻译,英语
485,凡事,有,过程
551,命运,取决于,结果
569,周成,提供,信息
571,文件,包括,资料
613,问题,影响,质量
643,谈判,做出,评价
646,条件,进行,磋商
705,单位,通报,情况
733,员工,招聘,人物
742,发展,取决于,人际关系
742,关键,取决于,人际关系
819,质量,有所,差别
875,用户,提供,条件
883,资料,存在,问题
887,时间,出现,索赔
891,诉求,未予,支持
894,问题,承担,责任
908,问题,有,价值
940,单位,受,委托
959,阶段,进行,调查研究
966,设计,涉及,质量
977,句子,包含,关系
985,系统,提供,方便
1008,管理,注意,问题
1030,工程,需要,合作
1049,父母,会,时间
1091,内容,包括,方面
1110,管理,分为,项目
1123,手机,回答,问题
1151,二氧化碳,压入,水中
1154,身体,吸收,二氧化碳
1207,二氧化碳,压,水中
1231,北方,获得,太阳
1287,阿尔玛,做,练习
1297,爸爸,回答,问题
1307,现象,叫做,蒸发
1309,水蒸气,凝结,水滴
1338,练习,得到,结论
1360,快慢,有,关系
1386,形容词,有,意思
1406,二氧化碳,进入,里边
1425,浮力,放入,水中
1429,铁块,受到,浮力
1434,物体,受到,浮力
1435,浮力,等于,重量
1438,浮力,使,铁块
1439,浮力,大于,重量
1468,浮力,托,铁块
1501,太阳光,直射,南半球
1516,周围,覆盖,空气
1517,空气,有,压力
1525,身上,受到,压力
1527,里边,受到,压力
1528,物体,受到,压力
1545,大气,有,压力
1553,句子,常用,呼应
1579,科学家,进行,研究
1580,问题,得到,解决
1592,周围,存在,大气层
1678,说明,产生,结果
1678,条件,产生,结果
1681,物体,沉,水底
1703,词语,连成,句子
1714,蜂巢,有,关系
1730,蜜蜂,做成,结构
1730,蜂巢,做成,结构
1770,重量,等于,浮力
1826,温度,到,16℃
1826,人口,说出,答案
1873,物质,受到,作用
1884,物体,受到,作用
1898,东西,改变,性质
1898,空气,变成,液体
1898,二氧化碳,变成,固体
1898,物体,称为,超导体
1918,介词,引进,对象
1963,分子,看,眼睛
1970,分子,分成,原子
1970,原子,分成,粒子
1972,分子,分解,原子
1972,原子,结合,分子
1979,分子,呈,气态
1979,分子,呈,固态
1981,原子,有,性质
1982,速度,呈,固态
1982,之间,呈,固态
1986,语法,表示,关系
2014,词组,连接,句子
2033,速度,有,关系
2035,变化,生,粒子
2035,变化,生,例子
2048,形态,发生,变化
2050,氧气,具有,性质
2051,物质,具有,特点
2052,压强,具有,规律
2053,回音壁,具有,现象
2082,容器,节省,材料
2125,时候,指,南方
2125,把儿,指,南方
2126,东西,指示,方向
2127,磁性,保持,时间
2128,鱼头,指,南方
2130,指南针,指示,方向
2131,南极,在,附近
2131,北极,在,附近
2140,一头,指向,南方
2155,一头,指,南方
2156,练习,改写,句子
2159,鱼头,指向,南方
2164,磁石,具有,特性
2180,方向,在,线上
2185,重力,属于,万有引力
2192,地球,有,作用
2194,万有引力,使,天体
2195,定律,应用,领域
2196,势能,转化,电能
2197,重力,属于,自然界
2197,重力,属于,适用
2197,重力,属于,实际
2202,语法,表示,内容
2207,中国人,发现,特性
2228,问题,上,月球
2229,引力,改写,句子
2229,变化,改写,句子
2232,压强,乘以,面积
2240,地球,具有,吸引力
2243,地球卫星,绕,地球
2244,引力,起,作用
2245,人造卫星,有,速度
2249,人造卫星,摆脱,引力
2253,气象卫星,选用,轨道
2256,卫星,采用,轨道
2258,侦察卫星,常用,轨道
2259,人类,建造,运载 火箭
2268,海水,发生,现象
2273,液体,传递,压强
2277,太阳,具有,吸引力
2284,地球卫星,环绕,地球
2284,引力,拉回,地面
2297,卫星,选用,轨道
2304,压缩,使,温度
2305,速度,超过,音速
2333,材料,用于,领域
2338,物质,伴随,变化
2351,飞行,需要,材料
2355,状态,发生,变化
2363,非金属,发现,元素
2369,非金属,有着,差别
2370,金属,呈,固态
2374,非金属,无,光泽
2376,非金属,具有,性质
2378,金属,具有,性质
2379,非金属,失去,差别
2379,非金属,失去,银白色
2381,命名,有,标志
2381,名称,有,标志
2381,元素,处于,状态
2386,指南针,指向,南方
2387,非金属,具有,颜色
2407,氧气,发生,反应
2426,温度,结合,分子
2426,金属,具有,延展
2426,电流,通过,输电线
2448,膨胀,使,位置
2454,温度,转换,频率
2464,结构,指示,形容词
2468,物质,进行,化学反应
2479,指南针,测量,温度
2479,卫星,指示,方向
2479,温度计,吸引,装置
2479,仪器,回答,问题
2486,硫酸,倒进,水里
2495,硫酸,起,反应
2500,硫酸,溅到,身上
2535,硫酸,倒入,水中
2560,蜜蜂,建成,结构
2560,蜂窝,建成,结构
2562,形式,强调,意思
2577,关系,学习,汉语
2613,通信,需要,器件
2624,物质,改变,形态
2638,物质,发生,变化
2638,变化,叫做,化学变化
2672,雷达,相当于,对象
2718,雷达,有,关系
2751,时候,说,汉语
2775,光线,转化,信号
2777,影像,变成,信息
2873,能量,出现,彩带
2881,程度,取决于,大小
2884,能量,哺育,生物
2884,太阳,哺育,生物
2889,能量,来自于,反应
2890,内部,进行,过程
2895,物质,转化,能量
2897,程度,取决于,介词
2898,物质,转化,介词
2907,石墨,像,金属
2910,中国,发射,人造地球卫星
2916,人造地球卫星,发射,高空
2922,合金,加热,温度
2929,物体,有,压力
2932,二氧化碳,跑,气泡
2938,速度,环绕,地球
2962,人类,探索,宇宙空间
2962,人类,迈向,太空
2963,太空,依靠,作用力
2967,人类,登上,月球
2981,酒精,变成,固体
2982,机能,产生,压力
2994,现象,有,电阻
2994,物质,有,电阻
2995,温度,降低,附近
2998,合金,具有,特性
2999,导体,称为,超导体
2999,电阻,发生,变化
2999,温度,称为,临界温度
3002,电流,流经,超导体
3004,输电线,输送,电流量
3004,电线,输送,电流量
3010,超导体,进入,阶段
3013,材料,引起,革命
3022,制造厂,生产,汽车
3035,小鸟,在,附近
3046,电流,碰到,地面
3050,太阳光,还有,可见光
3051,红外线,称为,射线
3054,外侧,存在,光线
3055,物质,产生,红外线
3056,常用,用于,领域
3059,臭氧层,有,作用
3060,紫外线,透过,空气
3060,玻璃,有,作用
3072,技术,得到,解决
3089,房主,回答,问题
3103,计算机,进行,联系
3106,大部分,称为,硬件
3108,软件,指,系统
3109,软件,提高,效率
3110,关系,好像,乐器
3113,软件,构成,系统
3130,技术,获得,应用
3141,紫外线,使,质量
3152,后面,靠近,眼睛
3157,目镜,相当于,放大镜
3161,光,绕过,物质
3163,显微镜,看到,东西
3176,电视机,出现,现象
3178,电视机,消除,现象
3184,技术,使,光阑
3200,小数,定义,无理数
3203,理论,加以,发展
3204,学派,重视,数学
3208,后人,称为,无理数
3208,小数,称为,无理数
3209,无理数,统称,实数
3212,光,分解,色光
3221,电视机,成为,工具
3225,荧光粉,发出,光
3228,宇宙飞船,又称,飞船
3230,飞船,用于,运输
3231,各国,重视,研究
3234,宇宙飞船,有,相似之处
3243,台灯,调节,光
3243,调节器,调节,电压
3266,核能,属于,能源
3269,核燃料,具有,优点
3283,列车,有,类型
3288,二氧化碳,具有,功能
3289,含量,保持,恒定
3290,二氧化碳,处于,状态
3292,二氧化碳,转化,物质
3294,二氧化碳,超过,水平
3295,二氧化碳,转化,有机物
3297,气体,还有,一氧化氮
3315,温度,达到,程度
3322,彗星,靠近,太阳
3323,颗粒,发生,摩擦
3327,形状,有,特性
3338,动物,有,形式
3341,对称,保持,平衡
3347,方程,表示,关系
3347,式子,叫做,等式
3348,等式,具有,性质
3350,等式,叫做,方程
3363,动点,在,位置
3367,圆心,在,原点
3371,曲线,叫做,图形
3372,坐标,满足,方程
3380,直线,相交,直角
3382,直线,叫做,平行线
3384,四边形,具有,性质
3387,四边形,叫做,梯形
3390,线段,叫做,线
3392,OA,绕,端点
3392,端点,画出,曲线
3394,线段,称为,半径
3401,直线,称为,切线
3403,转化,叫做,变化
3404,物质,变成,液态
3406,温度,叫做,熔点
3407,物质,变成,气态
3410,现象,叫,蒸发
3411,现象,叫,沸腾
3412,温度,叫,沸点
3413,物质,叫做,催化剂
3414,作用,叫做,催化作用
3421,表面,生成,化合物
3436,周长,有,关系
3457,曲线,表示,情况
3485,物质,处于,状态
3512,关系,有,方法
3530,实验室,制取,氧气
3532,步骤,放入,混合物
3560,方程,含有,未知数
3572,顺序,常用,格式
3577,方程,化成,形式
3587,牛顿,发现,定律
3597,氯酸钾,加热,温度
3601,重量,小于,浮力
3612,实验室,测,比重
3615,物体,做,运动
3620,月球,围绕,地球
3622,位置,参照,物体
3627,静止,参照,物体
3628,物体,叫做,参照物
3635,物体,保持,状态
3637,性质,叫做,惯性
3639,惯性,保持,状态
3640,惯性,保持,速度
3641,物体,具有,惯性
3646,炮弹,改变,方向
3652,领域,应用,材料
3653,火箭,具有,推动力
3655,地球,绕,太阳
3658,外力,迫使,物体
3660,运动,指,变化
3661,运动,常用,格式
3664,物体,移动,地方
3669,月球,绕,地球
3677,数学,有,关系
3679,自然科学,有,关系
3686,人造卫星,绕,地球
3707,比值,叫做,加速度
3708,加速度,有,大小
3711,定律,确定,关系
3720,物体,处于,状态
3722,物体,吸引,地球
3726,定律,说明,关系
3727,作用力,具有,性质
3728,定律,说明,物体
3732,比值,叫做,比重
3734,作用,常用,格式
3734,温度,有,有影响
3734,温度,有,影响
3735,二氧化锰,影响,速度
3738,物体,受,作用
3747,m1,表示,质量
3764,原子,具有,结构
3781,伦琴,进行,研究
3782,射线,有,能力
3794,定语,有,类型
3796,电流,通过,导体
3801,化合物,叫做,电解质
3803,强度,变为,性质
3808,技术,叫做,照相
3827,设备,称为,计算机
3833,四边形,叫做,正方形
3834,激光,具有,特性
3835,能量,处于,空间
3845,函数,等于,ax²
3845,坐标系,画,垂直
3847,单位,取,相同
3848,交点,叫做,原点
3851,平面,分成,部分
3853,函数,研究,问题
3857,图形,在,上方
3865,ax²,位于,下方
3871,生物,受到,伤害
3875,地球,吸引,苹果
3875,苹果,吸引,地球
3876,电能,转化,能量
3876,能量,转化,电能
3890,物体,叫做,运动
3895,超导材料,用于,计算机
3899,位置,常用,格式
3927,定律,解决,问题
3931,电流,流过,导线
3937,图像,有,关系
3942,实数,有,关系
3951,树木,吸收,太阳光
3954,规律,叫做,定律
3956,定律,起,作用
3957,性质,呈现,变化
3959,金属,发生,反应
3964,反应,发生,爆炸
3969,注释,表示,时间
3975,地球,吸引,物体
3976,物质,失去,电子
3976,物质,得到,电子
3984,压力,增加,强度
3988,物质,含有,杂质
3990,二氧化碳,形成,气泡
3995,沸腾,有,关系
4013,聚变,释放,能量
4017,动植物,离开,空气
4019,原子,结成,分子
4026,性质,呈现,周期性
4030,硫酸,有,作用
4032,化学反应,叫做,反应
4040,法拉第,发现,现象
4041,下面,演示,现象
4042,管中,产生,电流
4047,周围,存在,磁场
4047,磁场,做,运动
4048,磁场,产生,电流
4049,导体,做,运动
4053,前人,研究,现象
4054,周围,产生,磁场
4061,人类,进入,时代
4068,中国,发射,地球卫星
4081,行为,稀释,硫酸
4085,电,输送,远处
4088,练习,完成,句子
4092,飞船,找出,结构
4095,电流,输送,远处
4096,物体,变为,Vt
4096,速度,变为,Vt
4101,物理学,得到,发展
4107,人类,飞出,大气层
4108,宇航员,征服,太空
4113,宇航服,有,作用
4114,宇宙射线,造成,伤害
4139,汽车,节省,能源
4140,汽车,得到,发展
4141,能量,相当于,石油
4158,光,绕,地球
4161,材料,达到,水平
4165,牛顿,总结,规律
4166,函数,具有,性质
4170,物理学家,研究,关系
4170,欧姆,研究,关系
4178,上面,发生,反应
4185,实验,变成,分子
4188,霍尔尔,存在,光线
4192,牛顿,研究,定律
4195,图像,具有,性质
4196,门捷列夫,呈现,变化
4227,船舱,完成,句子
4242,真空,指,空间
4242,能量,处于,状态
4252,气体,包括,一氧化氮
4277,形状,有,作用
4280,空气,流到,前缘
4287,发动机,提供,动力
4289,形状,使,表面
4297,记录器,记录,信息
4300,黑匣子,具有,结构
4342,薄膜,使,光
4350,超声波,穿透,金属
4351,技术,产生,功率
4374,空气,呈,蓝色
4378,氮气,发生,作用
4379,氮气,发生,化学反应
4384,气体,发生,化学反应
4389,气体,发出,光
4404,课文,选择,答案
4408,空气,有,用途
4420,氧气,生成,热量
4424,氢气,加,氯气
4428,三氧化钨,加,氢气
4432,氯气,发生,反应
4435,火焰,用于,切割
4483,电流,通过,人体
4508,能力,来自,大脑
4525,元件,代表,数字
4528,计算机,使用,二进制
4539,操作系统,管理,资源
4540,软件,提供,功能
4543,软件,指,资料
4558,氢氧化,修饰,正式
4568,光,叫,激光
4573,光,显示,颜色
4574,激光,具有,性质
4585,光,具有,特性
4590,光,发现,原理
4592,光,射向,介质
4592,光,实现,放大
4593,理论,奠定,基础
4597,激光,引入,领域
4598,梅曼,制成,激光器
4600,发展,使,技术
4600,激光,称为,光
4610,发展,导致,出现
4618,绿色植物,吸收,二氧化碳
4618,氧气,扩散,上层
4618,氧气,变成,臭氧
4621,紫外线,促进,合成
4623,臭氧层,保护,生物
4625,现象,引起,关注
4629,洗涤剂,破坏,结构
4639,生物,失去,免疫力
4647,硫氧化物,达到,浓度
4652,氢氧化物,形成,恶性肿瘤
4653,颗粒,引发,疾病
4656,汽油,排放,气体
4661,物体,放大,影像
4664,显微镜,有,极限
4665,物质,有,组成部分
4670,光,变成,圆弧
4671,显微镜,没有,改进
4676,显微镜,分辨,结构
4677,光,遇到,东西
4685,物体,发射,无线电波
4692,程度,超过,望远镜
4700,望远镜,起,作用
4706,画面,分解,像素
4731,整数,看成,形式
4739,小数,叫做,无理数
4793,空气,发生,电离
4795,霓虹灯,发出,光
4810,遥控器,分,部分
4829,电视,做,反应
4853,人类,利用,空间站
4858,系统,包括,部分
4865,系统,实现,导航
4868,卫星,发射,信号
4870,系统,进行,定位
4880,超级市场,使用,系统
4881,计算机,查询,售价
4882,计算机,报出,总价
4892,商场,使用,系统
4920,信息,转换,坐标
4921,电脑,显示,信息
4928,核反应堆,采用,芯块
4929,芯块,阻止,物质
4931,核燃料,逸出,物质
4935,厂房,采用,结构
4949,燃料电池,包括,核电
4951,物质,发生,化学反应
4965,电池,供给,氧化剂
4970,过程,经过,燃烧
5001,电流,通过,线圈
5002,发电机,形成,电流
5010,研究,取得,进展
5028,人类,面临,危机
5031,减少,有,关系
5035,燃料,释放,二氧化碳
5037,影响,成为,话题
5042,燃烧,释放,二氧化碳
5053,地表,发生,变化
5081,行星,包括,海王星
5092,月亮,转到,中间
5093,月球,挡住,太阳光
5112,图形,具有,优点
5113,图形,具有,性质
5134,物体,发生,作用
5135,起重机,提起,重物
5135,起重机,发生,作用
5137,物体,施加,作用
5143,物体,受到,作用力
5168,下面,研究,问题
5169,面积,大于,SB
5176,等式,乘以,正数
5176,两边,乘以,正数
5178,等式,含有,未知数
5188,两边,加上,整数
5202,轨迹,叫做,椭圆
5208,方程,包含,意思
5220,四边形,叫做,矩形
5222,矩形,还有,性质
5223,命题,叫做,推论
5235,正方形,具有,性质
5245,四边形,叫,菱形
5270,面积,得到,公式
5270,面积,得到,cl
5275,平面,截去,部分
5333,不锈钢,具有,特性
5336,下面,结合,图形
5352,极限,研究,函数
5377,极限,看,函数
5382,趋势,趋近,无穷
5391,原子,称为,元素
5402,化合物,叫做,氧化物
5412,符号,表示,元素
5424,名称,表示,金属元素
5435,工业生产,需要,氧气
5437,水中,溶解,氧气
5440,氧气,发生,化学反应
5457,燃烧,达到,温度
5458,温度,叫做,燃点
5461,燃烧,有,条件
5461,温度,达到,燃点
5466,燃烧,叫做,自燃
5475,氧气,化合,氧化物
5479,燃烧,指,反应
5484,燃烧,具有,条件
5488,物体,经过,路线
5494,长度,叫做,路程
5511,方向,发生,改变
5511,方向,发生,运动
5519,作用,使,物体
5530,物体,保持,静止
5532,小车,受到,作用
5536,牵引力,使,速度
5536,阻力,使,速度
5537,火车,保持,运动
5538,降落伞,受到,重力
5539,物体,保持,运动
5543,物体,受到,外力
5551,物体,改变,状态
5569,起重机,举到,高度
5577,功率,等于,乘积
5585,大小,等于,乘积
5595,功率,有,关系
5597,电流,使,电动机
5598,电能,转化,势能
5604,库仑,通过,电流
5607,电流,通过,电动机
5617,功率,等于,电压
5618,功率,看到,字样
5639,粒子,叫做,中子
5647,质量,取,整数
5655,元素,存在,原子
5661,元素,有,同位素
5676,中子,存在,吸引力
5706,计算机,影响,速度
5724,射线,叫做,极轴
5749,课文,看,例子
5753,图像,叫做,曲线
5774,物体,具有,动能
5780,物体,叫做,势能
5782,大小,发生,改变
5783,物体,有,动能
5784,飞机,具有,势能
5787,势能,转化,动能
5788,人造卫星,进行,转化
5793,动能,转化,势能
5802,飞机,有,动能
5812,元素,排成,横行
5812,顺序,排成,横行
5817,元素,称为,周期
5819,周期,只有,元素
5819,周期,有,元素
5821,周期,发现,元素
5837,元素,分为,周期
5848,磁场,拉,导线
5849,现象,叫做,效应
5859,性质,有,关系
5870,课文,取,导线
5870,作用,取,导线
5871,导线,受到,作用
5873,方向,有,关系
5874,线,直穿,手心
5919,包壳管,包括,类型
5919,包壳管,包括,描述
5919,拉伸,包括,类型
5919,拉伸,包括,描述
5919,迷失,包括,类型
5919,迷失,包括,描述
5919,商品,包括,类型
5919,商品,包括,描述
5919,纤细,包括,类型
5919,纤细,包括,描述
5944,二氧化碳,变成,液体
5967,现象,叫,升华
6006,沸点,受到,影响
6059,中间,有,空隙
6065,多边形,符合,条件
6067,丁力,符合,条件
6080,活塞,受到,压力
6091,冬天,有,暖气
6096,冷空气,变成,空气
6099,空气,形成,对流
6115,分子,运动,地方
6119,固体,分散,分子
6121,分子,受到,吸引
6155,容器,省,材料
6160,地球,有,北极
6162,地磁极,在,附近
6165,一头,指向,方向
6168,两头,指向,南方
6177,物体,有,重量
6178,空气,有,重量
6180,物体,受到,吸引
6181,物体,离开,地面
6185,地球,有,重量
6185,吸引力,有,重量
6192,物体,受到,月球
6195,引力,使,苹果
6196,引力,使,月球
6200,小球,做,运动
6203,小球,具有,速度
6205,月球,环绕,地球
6206,地球,起,作用
6210,摩擦力,阻止,移动
6214,物质,具有,特性
6214,物质,叫做,合金
6222,性质,符合,要求
6238,非金属,发现,化学元素
6238,人类,发现,化学元素
6238,元素,分为,大类
6238,元素,分为,非金属
6242,性质,像,非金属
6244,非金属,像,金属
6246,导电性,有,关系
6247,电阻,有,关系
6252,金属,变成,非金属
6252,非金属,变成,金属
6253,非金属,具有,特性
6257,酒精,具有,特点
6260,物质,有,性质
6261,物质,凝固,固体
6261,物质,变成,气体
6262,酒精,具有,特性
6262,酒精,具有,原因
6263,升降,引起,变化
6264,酒精,凝结,固体
6266,吸水性,装,硫酸
6272,物质,发生,反应
6274,硫酸,使,有机物
6276,硫酸,发生,反应
6278,硫酸,氧化,氧化铜
6279,氧化物,使,金属
6293,老师,回答,问题
6295,光波,传输,信息
6298,信息,传到,方式
6308,人类,发射,卫星
6309,卫星,受到,辐射
6314,鳞片,具有,作用
6318,年代,出现,合金
6321,合金,发生,形变
6321,结构,发生,形变
6325,合金,有,温度
6331,表面,包含有,元件
6341,光线,通过,介质
6341,光线,改变,方向
6341,现象,叫做,散射
6344,光线,受到,阻碍
6352,颜色,有所,变化
6354,火箭,不用,燃料
6354,物质,变成,等离子体
6359,推力,获得,速度
6361,物质,叫做,超导体
6362,超导体,转变,温度
6364,超导体,需要,温度
6365,温度,提高,-57℃
6367,导体,有,电阻
6367,电流,烧坏,设备
6374,飞行员,注意,上下方
6384,物质,吸收,热量
6386,物体,伴随,运动
6387,物体,具有,能力
6388,红外线,碰到,物体
6391,技术,具有,优点
6392,内部,进行,反应
6393,热量,到达,地球
6396,各国,利用,太阳能
6400,太阳能,转换,电能
6400,太阳能,转换,电池
6401,太阳能,成为,能源
6404,系统,采集,图象
6407,设备,基于,技术
6410,技术,分为,辨识
6412,验证,回答,问题
6416,辨识,回答,问题
6421,芯片,采用,技术
6438,光,有,宽度
6440,激光,具有,方向性
6441,光,照亮,地方
6443,人类,发出,激光束
6445,人类,利用,激光
6445,特性,开创,新纪元
6456,样子,像,眼睛
6460,眼睛,靠近,猫眼
6466,固体,有,体积
6466,液体,没有,体积
6466,气体,没有,体积
6475,技术,有,发展
6478,科学家,寻求,技术
6479,物质,存在,现象
6483,有理数,叫做,整数
6491,乙地,低于,海平面
6500,距离,叫做,绝对值
6512,位置,表示,距离
6530,颜色,受到,影响
6559,人类,建立,基地
6559,人类,飞往,星球
6561,人类,到,月球
6568,环境,利于,发射
6569,月球,还有,环境
6572,中国,掌握,技术
6582,不倒翁,处于,平衡
6603,能源,成为,危机
6604,太阳能,看作,能源
6607,绝大部分,来自,太阳
6608,能量,提供,能源
6613,内部,蕴藏,能源
6622,核能,成为,能源
6671,上海,建成,线
6672,地球,存在,生命
6682,行星,缺少,氧气
6714,时间,有,时间差
6715,太阳,经过,天空
6715,太阳,经过,最高点
6753,笛卡尔,注重,问题
6777,半径,绕,圆心
6779,角度,叫做,速度
6785,大小,等于,路程
6795,速度,等于,乘积
6809,线,叫做,对角线
6826,投影,组成,三角形
6832,中心,连,线
6860,风机,吸入,空气
6882,化学性质,叫做,催化剂
6885,方程,遇到,变量
6900,图像,简称为,直线
6931,氯酸钾,生成,氧气
6932,氢气,起,反应
6932,氢气,起,氧化铜
6935,盐酸,起,反应
6936,化合物,起,反应
6946,氢气,发生,反应
6960,实验室,常用,方法
6965,地球,像,航船
6985,定律,研究,关系
7014,影响力,超过,博客
7017,网站,提供,条件
7043,直线,有,交点
7045,平面,相交,交点
7050,直线,叫做,线
7070,抛物线,位于,上方
7072,定律,叫做,动量
7075,物体,发生,变化
7075,动量,发生,变化
7080,全体,叫做,系统
7082,后者,叫做,外力
7084,系统,受到,外力
7085,系统,受,外力
7085,动量,保持,不变
7085,结论,叫做,定律
7088,物体,在,一起
7088,物体,发生,接触
7089,定律,限于,物体
7091,定律,成为,工具
7094,物体,保持,不变
7115,现象,叫做,感应
7120,拇指,指向,方向
7125,方向,发生,变化
7126,电流,叫做,交流电
7127,方向,完成,变化
7127,时间,叫做,周期
7128,电流,发生,变化
7130,导体,产生,电流
7141,听写,发现,现象
7148,人类,移居,太空
7148,人类,发射,探测器
7149,人类,搬到,太空
7152,条件,调至,适当
7154,人类,进入,太空
7155,环境,产生,影响
7157,人类,乘坐,宇宙飞船
7172,里面,装有,系统
7173,宇航服,集,高新技术
7186,事物,发生,变化
7186,行为,发生,变化
7196,结果,受,影响
7223,电影,发现,画面
7232,花卉,激发,变化
7232,花卉,利用,影响
7238,人类,食用,价值
7273,练习,选择,答案
7277,情感,利用,影响
7282,东亚,存在,危险
7300,花色,有,关系
7341,练习,回答,问题
7409,父爱,起到,作用
7412,资料,有,花朵
7420,自然界,使,植物
7424,发现,来自,研究
7441,意思,进行,说明
7467,数据,说明,问题
7475,文章,让,文字
7483,秋天,起到,作用
7520,句子,补充,经济危机
7582,松鼠,面临,灭绝
7605,时候,起,作用
7605,拇指,起,作用
7649,练习,完成,表格
7651,科技,涌现,人才
7658,动物,面临,危险
7659,科学家,进行,调查研究
7662,松鼠,有,皮毛
7663,松鼠,具有,特性
7663,松鼠,没有,共同点
7665,松鼠,带到,英国
7666,松鼠,处于,弱势
7668,疱疹,传染,松鼠
7675,动物,考虑,后果
7679,动物,有,措施
7703,句子,表示,事情
7703,句子,表示,措施
7735,信天翁,做,航行
7800,下面,加以,解释
7804,联系,称为,联想
7805,记忆,为,基础
7809,作者,提供,结果
7813,对象,划分,类别
7826,数字,有,根据
7838,世界,具有,作用
7838,大气,具有,作用
7846,自然界,降解,污染
7847,研究,发现,途径
7848,物质,吸收,能量
7851,自由基,发生,化学反应
7888,现象,得到,扭转
7931,孩子,得到,发展
7943,植物,具有,作用
7944,植物,净化,环境
7945,二氧化硫,形成,离子
7953,大小,有,关系
7955,植物,吸收,二氧化碳
7959,植物,吸收,氮氧化物
7960,生物圈,在,海洋
7966,微生物,需要,太阳能
7966,多数,需要,太阳能
7968,日本,设置,实验室
8014,政党,明了,意思
8022,组织,形成,结晶体
8023,周围,附着,薄膜
8025,办法,避免,发生
8029,基因,发生,作用
8030,分句,表示,结果
8041,父母,创造,环境
8059,基因,起,作用
8066,资料,产生,甲烷
8067,研究,意味,可能
8071,气体,作为,能量
8071,太阳,作为,能量
8083,叶子,感受到,变化
8084,物质,送回,树根
8135,句子,改写成,字句
8157,动物,看到,植物
8165,酒店,提高,质量
8200,禽流感,成,流行病
8223,教授,发明,线
8224,电子,吸收,光线
8225,教授,研制,线
8242,手机,占用,时间
8245,行为,有,需要
8269,脚部,可以,疾病
8278,技术,使,吸水
8287,研究者,使,材料
8290,研究者,用于,方面
8290,材料,用于,方面
8291,电极,具有,特性
8299,大学生,擦亮,眼睛
8302,句子,说明,观点
8302,句子,换,说法
8313,技术,影响,方面
8328,中国,发生,变化
8339,大气层,起到,作用
8346,作用,相当于,冷水
8371,水蒸气,起到,作用
8417,观察,阻碍,距离
8433,方法,加以,解释
8436,经费,占,比例
8437,定义,做,说明
8444,科学,叫作,应用科学
8444,基础理论,解决,问题
8453,例子,突出,特点
8457,理解,存在,歧异
8465,性格,发生,变化
8466,皮尔索夫,谈到,问题
8472,细胞,转移,身上
8503,后面,还有,意思
8585,劳动力,带来,影响
8592,反应,得到,控制
8601,系统,发生,紊乱
8641,社会,发生,动乱
8652,程度,存在,差异
8699,人员,做,研究
8712,认知,受到,影响
8713,科学家,让,对象
8714,对象,识别,格子
8716,人员,进行,实验
8719,科学家,做,实验
8719,词汇,产生,影响
8760,识别,验证,距离
8767,思维,耗费,能量
8770,细胞,汲取,葡萄糖
8771,神经元,作为,动力
8774,大脑,消耗,热量
8794,工人,找到,问题
8817,问题,经过,讨论
8818,委员会,公布,报告
8831,下面,介绍,途径
8839,雷米,做,研究
8840,美国,做,调查
8863,系统,利用,传感器
8863,马达,做出,反应
8864,系统,进行,自动控制
8925,下方,有,镜子
8937,老师,讲,内容
8961,会议,保障,进行
8962,资料,评选,服装
8965,服装,错过,信息
8966,服装,解决,问题
8972,周围,有,场景
8977,女士,调整,长度
8988,国家,处于,水平
8991,前者,采用,技术
8991,列车,托起,厘米
9004,行为,具有,程度
9006,水平,有所,进步
9008,数量,有所,下降
9034,科技,达,水平
9041,磁场,存在,影响
9041,信鸽,有,反应
9042,人员,做,实验
9047,人员,证明,位置
9050,行为,受到,影响
9077,机器,出,问题
9100,中国,有,文字
9123,发展,奠定,基础
9124,生物,发生,变异
9125,太空,剥去,外衣
9126,环境,近似,真空
9127,条件,提供,基地
9129,成功,提供,条件
9131,中国,利用,卫星
9165,副词,表示,意思
9177,水稻,利用,卫星
9181,成果,提供,条件
9182,实验,验证,研究
9189,物质,具有,形状
9195,人类,使用,燃料
9196,木材,加热,洞穴
9197,能量,来自,木材
9199,燃烧,导致,增加
9202,装备,转变,混合物
9202,秸秆,转变,混合物
9202,混合物,取代,天然气
9206,赛跑,到达,终点
9211,城市,带来,压力
9239,种苗,送到,太空
9243,国家,拥有,技术
9246,进化,深受,影响
9247,环境,具有,影响
9247,因素,产生,影响
9250,工程,采取,原则
9279,气温,在,摄氏度
9284,选项,概括,内容
9297,生物,起到,作用
9298,动植物,组成,生态系统
9309,技术,降低,危害
9317,句子,补充,学生
9327,中国,为,时间
9329,大会,为,主题
9348,技术,受到,青睐
9358,列车,采用,技术
9360,列车,配备,系统
9386,文字,回答,问题
9412,词语,暗示,关系
9421,无理数,统称,正 负
9422,一点,表示,实数
9434,复数,建立,关系
9460,整体,分解,部分
9483,图形,计算,气温
9506,对象,达到,总人口
9513,运算,指,过程
9536,练习,熟读,法则
9571,词语,组成,句子
9572,术语,有,含义
9576,期间,进行,管理
9576,基地,进行,管理
9592,符号,起,作用
9606,初叶,表示,根号
9606,笛卡儿,表示,根号
9607,符号,包含,意思
9638,直线,经过,函数
9685,后面,加,条件
9686,向日葵,改变,方向
9697,趋向,强调,方向
9699,趋势,产生,影响
9708,结构,称作,泡沫
9718,数学,包含,三角
9720,海面,上升,陆地
9722,数学,作为,曲面
9722,平面,作为,曲面
9723,体积,升高,需求
9733,图像,移动,单位
9736,集合,称为,函数
9736,集合,叫作,函数
9747,需要,满足,条件
9816,几何体,叫作,圆台
9827,线段,叫作,半径
9867,自行车,为,起点
9883,大小,叫作,物体
9889,报告,参照,格式
9896,线段,称为,长方体
9898,梯形,围绕,直线
9918,直线,叫作,线
9922,几何,在,身边
9926,长方形,卷,圆柱
9926,对角线,成为,线
9928,大自然,选择,规律
9935,结构,使,表面积
9937,事物,有着,关系
9956,影响力,作用,效果
9959,物体,发生,改变
9961,定律,保持,状态
9962,特性,叫作,惯性
9969,定律,表示,等式
9970,物体,产生,加速度
9976,物体,看作,组合
9987,对象,涉及,关系
9996,工程学,研究,联系
9997,位置,发生,变化
9999,反比,表示,方面
9999,一方,发生,变化
9999,一方,起,变化
10006,形容词,指明,性质
10018,术语,表述,集合
10022,公众,表达,看法
10030,变化,带来,影响
10035,现象,指,变化
10054,词语,施加,形变
10072,物体,有,接触
10072,塑料,进行,研究
10072,词语,改写,句子
10074,劳动力,生产,产品
10083,大小,跟,作用力
10083,大小,跟,反比
10096,物体,恢复,原状
10097,物体,恢复,形状
10098,弹簧,发生,形变
10098,规律,叫作,定律
10102,人类,建造,梯子
10103,人类,建造,天梯
10106,牛顿,进行,描述
10112,比例,影响,速度
10113,火箭,提高,速度
10114,火箭,达,速度
10116,火箭,有,系统
10117,系统,好比,大脑
10119,运载火箭,回答,问题
10119,系统,起,作用
10120,物体,移动,距离
10122,物体,具有,能量
10123,手推车,具有,能量
10124,能量,叫,动能
10128,物体,叫,势能
10128,能量,叫,势能
10135,物体,有,势能
10139,跳板,发生,形变
10139,运动员,转化,势能
10139,运动员,转化,动能
10142,分子,做,运动
10142,分子,具有,势能
10165,技术,转化,生产力
10166,形式,发生,变化
10173,现象,必有,化合
10181,气温,具有,相关
10187,飞船,跟踪,小行星
10211,起电,创造,电
10220,推力,弄懂,问题
10220,燃烧,研究,问题
10225,焦耳,花,时间
10234,词语,组成,动能
10239,汽车,转化,环境
10239,一部分,转化,环境
10259,定律,使,物体
10260,爱因斯坦,推导,方程
10261,物体,有,能量
10267,内部,存在,运动
10268,粒子,具有,能量
10270,莉泽·迈特纳,算出,能量
10271,方程,改变,认知
10273,系统,标志,数量
10282,物体,带上,电
10284,电子,转移,物体
10284,物体,得到,电子
10284,物体,带,正电
10290,物体,叫,导体
10291,物体,叫,绝缘体
10301,电阻,表示,作用
10303,路径,叫作,电路
10304,电流,流向,正极
10309,电路,叫作,通路
10309,电路,叫作,断路
10309,电路,叫作,短路
10338,世界,没有,起点
10349,电容,起,作用
10351,对象,指,事情
10357,飞行,消耗,能量
10358,企业,获得,效果
10379,电子,做,运动
10384,飞机,做,动力
10387,导弹,达到,温度
10387,表面,达到,温度
10392,电流,带,电荷
10393,海洋,受,照射
10394,色彩,进行,调节
10395,宇宙飞船,建造,温室
10401,电阻,表示,导体
10402,电流,叫作,电路
10409,物体,带,负电
10419,作用力,有,关系
10430,地线,走,线
10430,集成电路,打破,概念
10430,元器件,组成,整体
10434,情况,关系,水平
10435,进步,推动,发展
10439,集成电路,有,类别
10441,电,存在,联系
10442,电荷,使,导体
10442,电流,使,线圈
10443,法拉第,进行,研究
10450,拉第,分析,实验
10451,线圈,没有,联系
10453,磁场,发生,变化
10455,结论,做,实验
10455,法拉第,做,实验
10475,年代,引发,想象
10481,技术,发展,今天
10487,装置,发射,能量
10489,人类,运用,技术
10500,中微子,没有,质量
10506,现象,归结,原因
10511,定律,奠定,基础
10514,美国,发射,卫星
10515,计算,要,规则
10517,社会,推进,时代
10527,研究,分为,部分
10535,物质,称为,液晶
10536,词语,组成,系统
10536,研究,进行,试图
10541,奥斯特,发现,电流
10554,法拉第,分析,实验
10562,速度,等于,光速
10563,无线电波,有,特性
10571,空间,叫作,磁场
10571,空间,叫作,电场
10577,牛顿,建立,理论
10584,实验,开拓,道路
10585,人类,带进,时代
10591,赫兹,发挥,作用
10599,直线,叫,光线
10604,光,射到,界面
10604,定律,叫作,反射
10604,现象,叫作,反射
10607,光线,合为,一线
10610,反射,指,光线
10613,现象,叫作,折射
10615,光线,服从,定律
10615,线,处在,光线
10615,光线,位于,两侧
10617,光,射入,介质
10618,常数,有,关系
10620,定律,构成,基础
10625,发电站,利用,能量
10634,物体,遵循,定律
10643,人类,使用,能源
10654,粒子,服从,规律
10661,密度,释放,辐射
10662,合成纤维,具有,特点
10664,效应,指,现象
10664,金属,出,电子
10675,直线,传播,句子
10675,两侧,反射,线
10681,反射,遵循,定律
10692,事例,有,关系
10695,条件,射向,介质
10697,光,偏离,方向
10705,横波,产生,现象
10709,中叶,发现,光
10712,粒子,受到,激发
10714,汤斯,发现,激光
10715,分子,发出,强光
10716,物质,产生,强光
10740,汉语,获得,激光
10745,激光,应用,方面
10750,元素,禁不住,考验
10751,元素,定义,总称
10752,元素,组成,物质
10760,元素,还有,名称
10760,元素,叫作,金属元素
10761,周期表,揭示,联系
10768,原子,形成,结构
10776,限度,决定,转化率
10777,反应,达到,状态
10779,反应,禁不住,动词
10806,相对论,提供,依据
10823,物体,呈现,颜色
10824,物质,呈现,状态
10829,知识,来自,研究
10840,形成,有,过程
10857,二氧化锰,作为,催化剂
10857,过氧化氢,分解,氧气
10858,一氧化碳,还原,四氧化三铁
10878,性质,取决于,运动
10882,居里夫人,发现,汉语
10900,问题,有,答案
10904,能量,有,差别
10912,现象,叫作,效应
10912,光线,偏离,方向
10920,粒子,相当于,大小
10930,形成,发生,散射
10937,波长,满足,关系
10939,活动,离不开,细胞
10941,细胞,完成,活动
10944,细胞,有,结构
10944,细胞,有,细胞核
10946,细胞,没有,细胞核
10946,细胞,没有,拟核
10947,化合物,组成,细胞
10948,核酸,组成,细胞
10968,无机盐,有,作用
10987,气体,合成,物质
11005,冰山,流入,海洋
11009,速度,达到,声速
11023,稳定,具有,意义
11030,区别,写出,化合物
11039,化学反应,需要,能量
11040,学者,注意,危险性
11043,细菌,利用,物质
11044,人员,掌握,技术
11045,汉语,组成,句子
11045,基本单位,组成,氨基酸
11045,性质,影响,光线
11050,生物,具有,结构
11055,RNA,携带,信息
11066,DNA,提供,信息
11068,食物,补充,能量
11073,细胞,受到,作用
11073,遗传物质,发生,变化
11074,结构,发生,变化
11074,表面,发生,变化
11078,科学家,合成,化合物
11086,桑格,测得,顺序
11094,科学家,完成,合成
11101,课文,发表,报告
11102,技术,发生,变化
11107,二进制,作为,基础
11109,组成部件,具有,功能
11109,组成部件,具有,走向
11109,计算机,具有,功能
11109,计算机,具有,走向
11109,结果,输出,用户
11110,计算机,具备,加工厂
11122,外存,存放,信息
11123,电信号,送进,计算机
11138,计算机,分为,阶段
11142,系统,采用,措施
11143,影片,采用,技术
11157,大脑,具有,功能
11161,具有,强调,存在
11164,质量,符合,要求
11168,国家,具备,条件
11173,计算机,传送,信息
11187,结果,得到,证实
11196,通信卫星,给,驾驶员
11196,信息,给,驾驶员
11199,关系,成为,课题
11200,加工,操作,计算机
11206,化学,到,生活
11214,网络,叫作,高速公路
11217,计算机,拥有,能力
11222,控制器,组成,计算机
11228,结果,给,用户
11231,计算机,具有,能力
11248,蒂姆,进入,实验室
11250,牛津大学,主修,物理
11258,服务器,发布,信息
11267,卫星,绕,地球
11269,开普勒,用,时间
11269,火星,绕,太阳
11269,后人,称为,定律
11276,定律,揭示,规律
11291,卫星,经过,地点
11292,参数,描述,运动
11295,牛顿,总结,定律
11297,性质,呈,变化
11304,比值,表示,关系
11306,比值,叫作,速度
11307,比值,叫作,功率
11339,练习,熟读,汉语
11343,天体,围绕,地球
11351,法拉第,奠定,基础
11356,定律,告诉,物体
11361,第谷,提出,定律
11370,位置,取决于,参数
11381,卫星,受,影响
11382,天体,存在,影响
11389,动力,使,轨道
11395,距离,呈,变化
11403,探测器,获得,加速度
11404,范围,称为,窗口
11406,太阳,位于,两侧
11407,现象,出现,窗口
11416,物体,吸收,气体
11416,分子,发出,现象
12120,分子,发出,鲜艳
12126,效应,叫作,现象
12169,设计,突破,条件
12169,大桥,成为,工程
12179,起点,在,香港
12182,修建,破坏,环境
12196,时间,翻开,地图
12213,高原,走出,封闭
12221,旅馆,回答,问题
12224,角色,发生,转变
12246,下列,属于,样式
12248,系统,进行,监控
12257,工程,采用,标准
12268,时间,实现,清零
12303,行业,得到,发展
12328,系统,进行,分析
12329,系统,进行,处理
12334,系统,适应,状态
12335,系统,进行,控制
12335,系统,开启,功能
12342,系统,进行,充电
12351,发展,带来,剧增
12358,程度,得到,改善
12359,强度,有所,降低
12376,材料,赋予,混凝土
12376,材料,赋予,良好
12378,噪音,带来,影响
12382,工程,抢,进度
12387,传感器,连接,电
12429,时间,称,水立方
12429,中心,称,水立方
12432,水立方,举办,比赛
12433,水立方,成为,中心
12439,水立方,采用,设计
12441,立方,创造,形式
12445,水立方,承担,比赛
12451,水立方,成为,场所
12458,鸟巢,形成,关系
12459,建筑,使用,技术
12472,幕墙,使用,软件
12477,设计,利用,系统
12491,大楼,设计,空间
12494,中心,包含,空间
12504,鸟巢,成为,建筑
12534,都江堰,代表,水平
12539,都江堰,迎来,发展
12539,水利工程,发展,系统
12546,工程,有,作用
12549,都江堰,列入,名录
12551,工程,守护,水势
12553,工程,发挥,作用
12556,房屋,满足,需要
12556,地区,有,形式
12556,布局,有,形式
12561,四合院,有着,历史
12567,布局,发生,变化
12568,历史,进入,阶段
12574,变迁,发生,变化
12577,问题,贯穿,历史
12583,解释,形容,事物
12596,中间,设有,火炉
12657,下面,作为,支撑
12658,结构,有着,工艺
12659,连接,采用,结构
12661,吊脚楼,解决,问题
12662,形式,解决,影响
12682,标志,宣告,商用
12686,技术,始于,年末
12686,网络,具有,容量
12692,传输,需要,支持
12701,覆盖率,达到,程度
12704,网络,具有,特点
12707,用户,没,必要
12708,产生,有,过程
12720,标志,宣告,使用
12727,发展,成为,驱动力
12730,技术,包括,波
12736,技术,经历,传输
12741,规范,包括,结构
12743,系统,支持,配置
12753,技术,包括,方面
12757,波,在,电波
12761,软件,引起,轩然大波
12763,处理,需要,时间
12771,能力,起到,作用
12775,识别,成为,主力
12802,受访者,使用,识别
12805,识别,应用,方方面面
12806,应用,为,前提
12806,技术,有,可能
12808,识别,面临,风险
12812,机构,设置,措施
12824,识别,应用到,方方面面
12842,商洛市,缓解,线
12842,西安,回答,问题
12852,圆角,设计,环境
12852,环境,选择,词语
12874,解释,读完,文章
12900,技术,解释,意思
12913,公式,算出,面积
12924,圆周,分成,圆弧
12924,边长,作为,上限
12935,公式,还有,形式
12940,形式,有,关系
12941,扇形,拼凑,长方形
12943,雪花,贯穿,始终
12943,雪花,贯穿,引导牌
12943,外形,像,雪花
12944,雪花,来自,大自然
12947,几何学,为,对象
12948,平面,解析,几何
12950,表面,看成,球面
12975,曲线,没有,切线
12985,内容,缩写,几何学
12995,阶段,学习,函数
12998,望远镜,确定,线
13000,微积分,包括,内容
13007,坡度,定义,比值
13011,计算,用到,微积分
13021,时间,在,点上
13049,阿基米德,进行,研究
13059,心脏,发出,波
13066,信号,进行,放大
13070,系统,借助,方程
13076,牛顿,还有,发明
13078,牛顿,创造,微积分
13082,表达,学习,文章
13093,世纪,记录,数字
13093,阿基米德,记录,数字
13093,沙子,超过,单位
13098,数学家,花费,时间
13104,问题,探讨,关系
13105,元素,搭配,一对
13129,数列,有,联系
13134,数列,有所,体现
13160,面积,使用,公式
13180,数列,还有,应用
13191,密文,隐藏,信息
13191,加密,转换,过程
13191,明文,转换,过程
13191,解密,转换,过程
13191,密文,转换,过程
13203,字母,转换,数字
13203,元素,取,空格
13205,产生,提升,高度
13208,凯莱,进行,研究
13210,发展,贡献,力量
13214,过程,运用,方法
13215,内容,找到,知识
13216,过程,相当于,变换
13224,内容,缩写,矩阵
13235,专业,发生,变化
13242,结果,有,差距
13245,班长,统计,信息
13265,小球,到达,位置
13266,结果,存在,关系
13272,指标,受,影响
13276,技术,提供,支撑
13280,技术,实现,处理
13286,软件,遵循,指令
13300,输入法,发展,汉字
13300,计算机,引进,中国
13306,计算机,使用,字型
13307,输入法,有,路线
13309,输入法,有着,优势
13315,王永民,推出,输入法
13317,输入法,开创,时代
13317,影响力,低于,印刷术
13321,朱守涛,发明,输入法
13324,输入法,成为,软件
13325,微软,内置,输入法
13327,软件,整合,优点
13329,公司,推出,输入法
13330,用户,备份,信息
13331,微软,推出,输入法
13331,输入法,占据,地位
13332,企业,开发,输入法
13333,输入法,延续,特点
13349,汉字,拆,基本单位
13355,汉字,进入,计算机
13360,输入法,采用,规则
13361,汉字,处理,问题
13395,输入法,采用,字母
13410,占比,达到,比例
13413,支付,产生,影响
13415,发展,有,原因
13432,人民币,提供,空间
13436,国家,发展,形态
13438,人民币,发挥,作用
13441,方式,带动,发展
13442,支付,改变,形态
13444,直播,为,基础
13446,发展,使,体验
13452,主播,关注,质量
13456,成熟,经历,过程
13459,支付,带动,发展
13461,写作,写,看法
13467,解锁,运用,技术
13468,技术,运用,领域
13471,信息,转变,信号
13472,系统,进行,计算
13481,机器人,构成,系统
13481,机器人,实现,部分
13485,雪花,让,观众
13488,技术,采用,引擎
13488,信息,生成,效果
13490,技术,应用,领域
13502,波,遇到,障碍物
13505,透镜,接收,光
13506,光线,经过,透镜
13513,物体,转为,灰色
13519,相机,感应,光
13522,分钟,破解,识别
13527,团队,展示,技术
13534,银行,采用,识别
13536,场合,强调,程度
13544,官方,控制,条件
13547,通信,延续,规律
13548,进步,促进,发展
13549,通信,走,千家万户
13550,5G,解决,通信
13565,发电,得到,发展
13571,使用,带来,问题
13573,能源,采用,科技
13577,能量,转换,电能
13585,潮汐,来自,影响
13590,技术,有着,意义
13594,技术,存在,问题
13594,技术,成为,主流
13595,技术,有,用途
13598,技术,有,水库
13603,技术,有,缺点
13607,电池,得到,发展
13617,金属,失去,电阻
13625,电容器,具有,面积
13631,技术,利用,电能
13631,技术,利用,压缩空气
13633,结构,面临,挑战
13638,技术,得到,发展
13639,技术,具有,特点
13647,技术,使用,能源
13651,设备,输入,系统
13652,技术,产生,影响
13653,系统,分配,功能
13655,技术,分为,方式
13659,能量,输送,用户
13659,能量,输送,供应
13661,天然气,达到,效果
13662,能源,作为,来源
13662,能源,作为,发电
13665,技术,成为,环节
13667,技术,存在,缺点
13668,电网,使用,技术
13669,技术,知,量子
13678,量子力学,发挥,作用
13679,概念,叫作,形式
13687,物体,辐射,能量
13688,物理,出,问题
13689,问题,称作,灾难
13690,能量,叫作,量子
13692,水流,发生,变化
13699,科学,发表,成果
13701,数学,形成,体系
13703,计算机,有,不同
13706,电脑,称为,计算机
13708,量子力学,允许,物体
13711,计算机,有,键盘
13713,计算机,使用,Python
13715,计算机,有,机会
13716,计算,有所,应用
13717,技术,进行,分析
13720,计算机,用于,问题
13721,通信,架,通信网
13725,实验,进行,解释
13725,科学家,命名,卫星
13729,通信,具有,优点
13730,通信,具有,意义
13731,思想,包括,部分
13733,信息,分为,部分
13744,操作,改变,状态
13747,理论,解释,系统
13748,量子力学,改变,理解
13750,计算机,应用,领域
13757,速度,乘以,时间
13762,古人,记录,时间
13764,装置,指示,时间
13766,时钟,记录,时间
13766,精确度,满足,需要
13769,内部,存在,结构
13774,原子,接收,能量
13784,卫星,有,限制
13797,状态,使,速度
13800,人类,超越,范围
13801,人类,认识,世界
13802,测量,有,关系
13802,需求,有,关系
13807,系统,覆盖,表面
13811,美国,建成,系统
13813,苏联,建立,系统
13823,半导体,关注,开幕式
13829,技术,名叫,二极管
13831,模块,组成,空间
13833,团队,设计,系统
13834,团队,采用,发生器
13846,特性,使得,半导体
13847,集成电路,称为,芯片
13850,集成电路,分为,大规模集成电路
13851,发展,遵循,定律
13852,定律,指导,发展
13861,技术,基于,材料
13865,发展,改变,体验
13870,半导体,有,应用
13872,发展,带来,变化
13875,科技,发挥,作用
13877,危机,指,事件
13878,管理,包括,阶段
13880,管理,需要,协作
13882,力量,发挥,作用
13882,技术,发挥,作用
13885,技术,提供,手段
13886,科学家,利用,技术
13887,人员,利用,技术
13891,工具,提供,便利
13896,组织,发挥,作用
13899,援助,提供,支持
13900,建设,帮助,发展中国家
13902,社会,加强,合作
13909,科技,改变,方式
13910,人类,获取,营养
13927,技术,延长,保质期
13928,技术,提高,准确性
13929,技术,改善,功能
13930,发展,带来,挑战
13936,方式,发生,变化
13937,普及,带来,问题
13938,结构,增加,风险
13950,化学元素,知,话题
13953,化学元素,影响,日常生活
13955,人类,发现,元素
13959,元素,分为,气体
13960,金属元素,位于,中部
13960,金属元素,位于,右侧
13961,周期表,组织,系统
13961,元素,组织,系统
13963,化学元素,扮演,角色
13972,贵金属,用作,珠宝
13975,化学,发挥,作用
13975,研究,提供,支持
13975,发展,开辟,途径
13975,利用,离不开,研究
13977,技术,转化,物质
13977,材料,去除,污染物
13977,塑料,减少,污染
13978,研究,提高,效率
13978,发展,减少,依赖
13996,距离,等于,图形
14014,牛顿,回到,家乡
14016,概念,引导,牛顿
14018,牛顿,求,切线
14023,牛顿,写下,论文
14035,冯·诺依曼,得出,答案
14050,数字,保护,钱款
14057,数字,进行,组合
14070,公司,保持,空间
14077,文本,输入,汉字
14079,输入法,输入,汉字
14090,大小,受,限制
14091,用户,选择,输入法
14101,支付,贯穿,环节
14119,发展,面临,挑战
14143,力学,进行,研究
14148,文本,利用,导航
14156,系统,提供,服务
14162,系统,具有,功能
14199,化学元素,知,听力
14250,读法,回答,问题
14255,练习,读出,算式
14262,负数,表示,方向
14264,正数,表示,收入
14292,格式,表示,压强
14297,压强,简称为,气压
14305,字母,表示,简称
14305,方程,学习,课文
14312,东西,含有,物质
14323,等式,叫,方程
14332,简称,含有,等式
14337,质量,叫做,密度
14350,未知数,含有,方程
14354,目标,掌握,关系
14378,面积,大,房间
14408,绝对值,说说,关系
14410,解释,连接,判断
14423,周长,发生,变化
14424,面积,发生,变化
14428,地球,围,太阳
14433,关系,掌握,说法
14434,关系,填入,词语
14435,月亮,围,地球
14449,射线,绕,端点
14449,一点,画出,曲线
14466,练习,完成,对话
14474,正方形,得到,应用
14478,正方形,得到,广泛
14488,物理学家,进行,计算
14500,分数,统称,有理数
14511,变化,生成,物质
14540,气味,发生,变化
14542,变化,分为,化学变化
14547,变化,有,关系
14550,对象,统称,元素
14550,对象,统称,element
14552,催化剂,指,物质
14569,物体,到,作用
14575,格式,拉,小车
14589,小车,受到,摩擦力
14590,物体,受到,重力
14607,练习,说出,方向
14607,运动,受到,重力
14617,方向,相同,重力
14617,电灯,受到,重力
14617,方向,相反,游戏
14618,同学,说出,方向
14620,叶子,做,旋转
14636,重心,有,关系
14637,大小,没有,关系
14653,质量,写出,关系
14667,重力,没有,关系
14681,操作,填入,词语
14685,汽车,到达,终点
14694,时间,求,路程
14772,条件,得到,结果
14775,格式,量,长度
14786,生活,离不开,技术
14787,玻璃杯,测,温度
14796,长度,表示,大小
14817,用处,量,长度
14817,大气,有,压强
14820,路程,需要,时间
14840,欧洲人,称呼,物理学
14856,体积,等于,ml
14859,问题,进行,讨论
14875,三中,来自,试管
14884,三中,用,试管
14889,氧气,氧化,反应
14893,氢气,还原,氧化铜
14895,颜色,呈,反应
14936,水滴,成为,放大镜
14957,玻璃板,需要,放大镜
14962,边长,计算,面积
14971,计算器,注明,含量
14978,行驶,填入,分类
15050,对象,加,题目
15054,资料,分析,情况
15088,时代,需要,数学
15095,物质,有,不同
15107,质量,衡量,大小
15115,物体,有,不同
15120,语气,提出,问题
15128,同学,说,句子
15130,汉字,认读,数学
15136,空气,产生,运动
15155,物质,说说,情况
15190,同学,说,物质
15195,变化,学习,方法
15195,目标,学会,变化
15198,体积,发生,变化
15203,物体,变为,气体
15211,形态,产生,变化
15220,过程,维持,生命
15225,变化,有,联系
15238,化学变化,有,区别
15249,化学变化,有,变化
15249,晶体,分为,扩展
15250,生物,沉入,水底
15252,微生物,发生,化学变化
15255,同学,说出,过程
15260,变化,学会,方法
15263,军事学,需要,数学
15270,光标,有,变化
15275,速度,满足,需要
15277,用户,输入,文本
15279,温度,叫做,沸点
15281,压力,叫,压强
15282,大气层,受到,作用
15301,联结,使用,手段
15306,沸点,组成,句子
15306,词汇,满足,需要
15311,程度,判断,正误
15318,文彬,输入,标记
15323,电动机,污染,环境
15327,物体,具有,势能
15328,能量,叫做,动能
15331,粒子,具有,动能
15336,运动,叫做,motion
15340,能量,叫做,势能
15345,氯气,成为,物质
15352,激光,会聚,点上
15354,氯气,生成,化合物
15359,氯气,发生,化合物
15370,分子,吸收,能量
15371,微波,遇到,金属
15384,汉字,写,高压
15384,危险,具备,条件
15384,格式,具备,条件
15384,伤害,破坏,环境
15400,情况,生成,氧化铁
15401,课文,看到,标志
15403,电压,造成,伤害
15410,燃烧,具备,条件
15425,干电池,没有,危险性
15426,电路,造成,伤害
15432,化学反应,叫做,燃烧
15440,限制,组成,句子
15452,目标,听懂,意思
15456,关系,表达,句子
15461,汉语,学会,格式
15461,表达式,学会,格式
15461,练习,判断,对错
15472,词汇,掌握,关系
15475,目标,掌握,格式
15477,句子,练习,录音
15479,过程,移动,眼睛
15497,词汇,理解,短文
15507,条件,限制,目标
15513,问题,解读,目标
15513,练习,解释,要求
15515,问题,解读,实验
15602,时间,多于,小时
15603,时间,少,小时
15703,四边形,叫做,草地
15705,曲线,称为,短文
15706,直线,称为,垂直
15722,方程,有,等式
15723,变化,叫做,生锈
15727,正方形,叫做,矩形
15727,长方形,叫做,矩形
15734,变化,称做,挥发
15736,变化,称做,化学变化
15736,变化,称做,生锈
15742,四边形,叫做,菱形
15745,图形,叫做,矩形
15759,变化,叫做,生物学
15772,变化,称做,生物学
15783,错误,叫做,方程
15793,未知数,构成,等式
15795,定义,叫做,平行线
15798,等式,叫做,短文
15798,变化,叫做,平行线
15799,眼睛,看,物体
15800,线,叫做,水平线
15805,书包,在,下方
15806,线段,平行,BB
15806,直线,平行,BB
15811,苹果,受到,重力
15813,视线,在,上方
15844,视线,在,下方
15845,风速,出现,现象
15924,操作,听,录音
15962,左边,听,录音
15976,训练,写出,过程
15980,错误,画出,图形
15997,整数,叫,质数
16009,指向,表示,方向
16017,长短,表示,大小
16033,线段,记,AB
16103,体积,进行,比较
16103,运动员,用,方向
16108,颜色,发生,变化
16120,硫酸铜,发生,反应
16129,氧化铁,生成,二氧化碳
16137,实验,分,步骤
16141,实验,用,试管
16192,短文,理解,盐酸
16192,实验,生成,氢气
16192,实验,分,短文
16192,要求,听,录音
16198,杯子,装满,酒精
16206,水滴,变成,放大镜
16212,杯子,放,混合体
16223,方程,变为,形式
16268,错误,做,实验
16276,物体,提到,方程
16276,位置,调节,距离
16276,杯子,放,酒精
16373,温度,在,例子
16449,错误,叫做,关系
16454,正比,说,关系
16454,正比,说,物质
16454,惯性,衡量,大小
16455,元素,进行,操作
16473,二氧化碳,含有,元素
16514,组成,含有,短文
16514,组成,含有,成分
16514,表格,组成,部分
16524,过程,溶化,液体
16534,蜡烛,溶化,液体
16545,光,溶化,液体
16552,晶体,变成,圆球
16575,恒定,不变,正确
16578,温度,高于,物质
16590,Word,显示,波浪线
16596,Word,进行,检查
16597,下面,出现,波浪线
16599,网络,成为,组成部分
16599,人类,离不开,计算机
16600,发展,产生,作用
16600,网络,带来,影响
16619,用户,输入,文字
16638,网络,成为,工作
16645,运动,受到,阻力
16648,物体,停止,运动
16653,自行车,产生,动能
16654,自行车,产生,势能
16657,有机物,含有,元素
16659,阻力,影响,速度
16669,氧气,成为,物质
16672,氧气,成为,化学工业
16681,作用力,停止,运动
16702,氮气,成为,物质
16704,氮气,发生,反应
16705,氮气,成为,化学工业
16714,错误,停止,运动
16720,能量,叫做,物体
16729,物质,变为,气体
16735,办法,让,物体
16737,办法,停止,燃烧
16738,浮力,大于,重力
16738,浮力,小于,重力
16764,办法,停止,感觉
16776,物质,变为,固体
16780,浮力,等于,重力
16780,浮力,等于,时候
16786,家庭,照明,电压
16789,温度,超过,沸点
16809,特性,叫做,惯性
16810,金属,发生,化学反应
16827,科学家,作过,实验
16830,学者,观察,雪花
16830,研究,得出,结论
16841,特指,叫做,惯性
16882,方法,改变,质量
16888,温度,改变,状态
16891,氢气,帮助,燃烧
16894,实验,得出,结论
16921,理解,举出,实例
16970,箱子,受到,作用
16974,问题,解读,词语
16974,方程,补,空缺
16979,同学,连,电路
16982,短文,给,任务
16996,同学,连出,电路
17003,周围,有,卫星
17011,同学,进出,电路
17054,瓶子,进入,水中
17055,实验,证明,存在
17059,时代,知道,自然数
17059,人类,知道,自然数
17062,自然数,做,加法
17063,自然数,做,乘法
17064,整数,进行,运算
17064,情况,出现,无理数
17068,分数,组成,有理数
17069,有理数,加上,无理数
17071,实数,加上,虚数
17078,负数,指,实数
17087,留学生,学习,汉语
17092,分数,指,数字
17108,理解题,填空,数字
17111,数字,传入,地区
17112,数字,传入,阿拉伯
17120,人类,从事,生产
17125,自然数,分为,大类
17130,自然数,分为,奇数
17142,计算机,带来,方便
17142,方向,带来,方便
17163,物理学,发展,整体
17170,物质,分为,动物
17188,千米,称为,公里
17192,单位,计算,表面积
17194,单位,计算,体积
17195,容积,用,单位
17196,单位,用,立方米
17200,速度,等于,路程
17208,性质,叫作,惯性
17212,乘客,保持,速度
17214,物体,出现,状态
17215,现象,叫作,转化
17226,过程,叫作,熔化
17226,物体,转化,气态
17226,过程,叫作,气化
17226,过程,叫作,凝固
17232,变化,有着,规律
17259,写作,说明,现象
17261,性质,发生,变化
17265,结构,有着,关系
17274,元素,有,编号
17274,大小,等于,数目
17279,科学家,寻找,化合物
17308,化合物,读,名称
17310,物质,俗称,氢氯酸
17311,行星,绕,太阳
17313,原子核,集中,质量
17341,砂糖,分割,程度
17341,砂糖,分割,分子
17342,原子,没有,性质
17352,分子,含有,原子
17357,结构,形成,要素
17373,性质,发生,论证
17373,变化,提供,词语
17374,读法,读出,物质
17377,太阳,有,海王星
17379,天体,组成,太阳系
17383,最小,算,白矮星
17385,物质,到,白矮星
17386,能量,相当于,用电量
17389,亮度,发生,变化
17396,恒星,喷射,物质
17439,质量,小于,范围
17442,位置,没有,变化
17452,恒星,有,速度
17462,太阳,带,地球
17473,形态,像,云雾
17486,组句,充满,形态
17487,星系,转化,倍数
17490,地球,有,历史
17495,大自然,留给,人类
17517,温度,定为,100℃
17535,雪花,形成,形状
17537,水滴,组成,云层
17555,热量,使,温度
17583,车子,没有,动力
17585,阳光,起到,作用
17592,过程,为,导向
17592,生产方式,做出,反应
17610,技术,使,生物
17622,形成,需要,保证
17626,保障,保持,影响力
17638,生命,在于,运动
17639,技术,促进,提升
17645,发展,摆脱,限制
17645,科技,在,一起
17649,作用,有,大方面
17649,作用,有,功能
17649,食品,具有,作用
17650,食品,提供,能量
17653,食品,产生,作用
17666,糖类,称,碳水化合物
17684,过程,需要,参与
17688,作用,有,方面
17695,食品,有,作用
17698,食品,出自,环境
17701,食品,使用,技术
17702,物质,属于,合成物
17707,质量,低于,食品
17729,食品,供,人类
17734,技术,起,作用
17735,技术,具有,意义
17745,提到,还有,事件
17746,内容,包括,电磁场
17750,开关,控制,电路
17751,电流,经过,通路
17753,电路,使,电流
17754,支路,受,影响
17770,导体,构成,电容
17780,电路,研究,性质
17783,定理,构成,基础
17784,电流,引起,变化
17790,物体,失去,电
17792,说法,符合,定律
17793,摩擦,使,电
17793,摩擦,创造,电
17810,关系,受到,冲击
17813,电学,认识,人类
17816,力学,分为,部分
17816,力学,研究,问题
17816,动力学,讨论,关系
17820,速度,超过,声速
17828,人类,面临,困难
17830,实验,没有,结果
17857,阿基米德,奠定,基础
17863,牛顿,奠定,基础
17867,定律,取决于,进展
17870,控制,带来,问题
17873,理论,解释,问题
17876,解释,应有,一定
17889,高温,有,影响
17892,物体,考虑,运动
17893,材料,猜测,密码
17894,课文,说到,工业
17898,要求,输入,计算机
17904,结合,形成,技术
17922,居民,作为,整体
17922,居民,作为,过程
17928,意译,分为,部分
17937,自动化,指,工业生产
17940,发展,出现,工厂
17943,发展,看到,工厂
17944,部件,形成,构成
17949,流水线,影响,质量
17957,传送带,带,产品
17957,产品,装配,过程
17957,工人,装配,过程
17968,计算机,运行,程序
17982,工业,说到,厂房
17982,机床,体现,技术
17982,结合,创造,词语
17983,工业革命,有,意义
17984,计算机,俗称,电脑
17986,计算机,投入,运行
17986,计算机,为,基础
17986,计算机,采用,方式
17986,结构,组成,装置
17987,理论,解决,问题
18000,学校,进行,研究
18004,形状,有所,变化
18007,字母,区分,大小写
18019,路由器,有,联系
18024,冯·诺依曼,解决,问题
18028,闪盘,采用,大小
18036,操作系统,管理,系统
18037,信息,进行,驱动
18038,教育,获得,空间
18039,商店,提供,条件
18040,数据,离不开,计算机
18052,系统,有,发展
18055,系统,完善,作用
18055,计算机,起到,词语
18057,课文,用,材料
18060,组织,组合,系统
18062,生死,构成,过程
18066,细胞,伴随,一生
18074,系统,诞生,寿命
18092,人体,共有,系统
18101,人体,消耗,氧气
18102,过程,称为,呼吸
18119,感受器,传递,信息
18147,系统,选择,词语
18156,神经细胞,传递,大脑
18167,分化,形成,整体
18168,系统,伴随,诀窍
18186,人类,开发,生物技术
18187,文明,发展,水平
18211,表面,生活,植物
18215,顺序,发生,改变
18219,变异,包括,类型
18221,变化,破坏,平衡
18225,重组,包括,定律
18227,现象,叫作,遗传
18228,物质,叫作,染色体
18231,关系,形成,分子
18231,信息,传给,细胞
18253,文字,断开,句子
18265,变化,改变,结果
18271,材料,供应,生产
18283,医生,治疗,疾病
18283,序列,成为,内容
18290,技术,演变,使用
18296,事件,发展,时间
18300,遗传学,扮演,角色
18323,血压,潜伏,危险性
18330,品药,可以,质量
18342,研发,得到,发展
18342,医疗,得到,发展
18345,疾病,增加,风险
18352,生产工具,出现,变化
18354,进程,呈现,轨迹
18357,制造,来自,社会
18358,技术,带来,变化
18359,模式,引领,标志
18359,人类,创造,财富
18360,资料,引入,对象
18360,资料,引入,劳动者
18383,危机,分为,类型
18385,数量,超过,需要
18386,发行量,超过,数量
18386,现象,称之为,通货膨胀
18394,工业,取代,农业
18394,营销,成为,形式
18394,方面,发生,变化
18401,工业革命,要求,劳动力
18401,工业革命,要求,生产
18403,劳动力,成为,设计者
18405,响应,要求,劳动力
18410,革命,选择,劳动力
18435,物理学,研究,存在
18439,物理学家,寻找,规律
18450,搭配,提供,材料
18464,满足,依靠,投入
18470,物质,导致,污染
18472,发展,选择,词语
18478,技术,为,代表
18479,力学,解决,问题
18480,搭配,应用,材料
18481,结合,成为,现象
18489,理论,起到,作用
18491,搭配,掌握,技术
18491,搭配,掌握,细胞
18518,肯尼斯·布劳尔,利用,系统
18526,宾语,利用,激光
18529,南方,下,大雪
18536,纸带,具有,性质
18550,原句,具有,性质
18552,物质,叫,液晶
18563,空气,发生,变化
18580,写作,具有,性质
18587,作用,达到,数值
18587,数值,超过,重力
18594,课文,描述,过程
18596,植物,受到,影响
18599,重力,影响,植物
18599,作用力,代替,重力
18605,星球,存在,物质
18623,作用,达到,幼芽
18623,幼芽,生长,物体
18623,重力,大于,自然
18624,宇航员,失去,重力
18637,化学元素,命名,Cn
18637,化学元素,获,Copernicium
18646,研究,提出,质疑
18648,蚂蚁,产生,物质
18649,物质,阻止,行为
18651,说法,符合,意思
18675,基因,发挥,作用
18679,鱼类,含有,矿物质
18681,流星雨,处于,位置
18681,亚洲,处于,位置
18693,鼻孔,具有,作用
18696,作者,谈到,内容
18702,蚂蚁,生成,物质
18703,物质,提醒,蚂蚁
18707,成果,探测,物质
18707,蚂蚁,探测,物质
18711,物质,传递,信息
18745,现象,具有,特性
18745,过程,具有,特性
18757,技术,没有,区别
18766,光线,影响,运转
18805,讨论,说,名称
18807,实验,取,晶体
18811,实验,取,玻璃杯
18819,数量,取,硫酸
18833,热量,传递,表面
18854,感觉,认识,对象
18855,造句,发生,变化
18855,作用,发生,变化
18861,引力,达到,原子
18861,作用,受到,吸引
18861,原子,受到,吸引
18865,气体,停止,运动
18886,动物,称为,冷血动物
18887,方式,称为,调节
18889,动物,维持,体温
18902,方式,叫,调节
18922,动物,躲避,影响
18923,计算机,完成,运算
18927,聪明,数,黑猩猩
18938,动物,调节,体温
18946,动物,适应,变化
18948,鸟类,属于,动物
18949,动物,采用,方式
18953,动物,有,体温
18962,成绩,处于,位置
18971,街头,多,标志
18984,数据,加以,说明
19016,方向,受到,影响
19021,物理学家,运用,加速器
19025,内容,加以,利用
19025,现象,加以,利用
19029,模型,写出,内容
19029,问题,写出,内容
19030,理解,选出,答案
19047,词语,起,作用
19060,胶带,放射,光线
19061,年代,得出,结论
19061,过程,放射,射线
19064,胶带,发出,光线
19067,课文,说明,主题
19074,地球,受到,压缩
19080,物理学,失去,能力
19096,环境,令,保护者
19099,人类,当做,父母
19103,造句,引出,结果
19106,分析法,作为,手段
19115,气层,挡住,视线
19119,地球,变成,黑洞
19131,地球,成为,黑洞
19139,方法,失去,作用
19156,太阳,距,中心
19162,科学,实现,传递
19171,信息,传递,植物
19172,乙烯,发挥,作用
19172,乙烯,加快,速度
19190,造句,达到,结果
19194,环境,受到,污染
19200,育种,需要,时间
19201,造句,选择,内容
19201,活动,选择,内容
19202,实验,进行,搭配
19233,人类,利用,媒介
19234,练习,做,分类
19235,速度,快于,种子
19239,作用,具有,价值
19241,技术,具有,前景
19253,过程,称作,作用
19270,周期,等于,时间
19270,地球,相对于,恒星
19283,造句,选择,答案
19283,活动,选择,答案
19284,压力,填出,部位
19292,植物,消耗,物质
19295,输送,需要,动力
19306,问题,待,探索
19307,格子,放,数字
19308,欧拉,提出,问题
19309,问题,表示,军官
19311,时间,得到,解决
19325,利用,使得,关系
19338,猩猩,行使,骗术
19339,物体,遵循,运动
19347,内容,进行,搭配
19358,写作,描述,问题
19360,猜想,存在,引力
19368,小组,分析,过程
19370,科学界,发现,关系
19371,成果,发挥,作用
19375,单元,注意,表述
19377,知识,需要,能量
19377,生物体,需要,能量
19381,物质,来自,土壤
19386,蜡烛,使,空气
19386,薄荷,使,空气
19387,植物,使,空气
19388,原因,在于,光
19395,植物,净化,空气
19402,意思,发生,转折
19408,造句,解释,意思
19411,动物,具有,能力
19411,动物,具有,智慧
19412,机器,有,属性
19415,牛顿,受到,启发
19422,年代,选择,答案
19423,蜡烛,制造,氧气
19423,瓶中,发现,照射
19436,解释,写成,文章
19449,恒星,进行,反应
19467,化学家,发现,元素
19482,动物,有,危害
19487,有机物,来自,绿色植物
19490,造句,排出,顺序
19490,活动,排出,顺序
19496,质量,相当于,恒星
19500,质量,超过,太阳
19501,反应,生成,元素
19503,恒星,生成,元素
19507,写作,缩写,短文
19507,课文,缩写,短文
19509,枫树,开发,能源
19511,植物,产生,电流
19514,研究者,使用,材料
19514,大叶枫,产生,电压
19519,发现,产生,影响
19520,现象,进行,对比
19520,现象,进行,表述
19524,方法,测量,变化
19526,距离,发生,变化
19529,质量,出现,变化
19533,科学家,利用,卫星
19534,观测站,参与,工作
19535,研究员,分析,结果
19557,植物,有,感觉
19559,原因,引起,发生
19563,人类,带到,大陆
19563,疾病,导致,灭亡
19563,猎手,使,过程
19568,新药,取得,结果
19569,地球,受到,关注
19571,调查,为,城市
19573,时间,为,基准
19573,月球,经过,时间
19576,德国,研制,卫星
19576,变化,没有,关系
19582,质量,有,变化
19588,练习,解释,词语
19594,网蛛,跑到,网上
19597,蜘蛛,饲养,成熟期
19598,蟋蟀,放到,网上
19598,蜘蛛,来到,网上
19600,结果,否定,假说
19608,后代,来到,网上
19638,风险,高于,蜘蛛
19638,风险,低于,蜘蛛
19643,蜘蛛,得到,食物
19646,蜘蛛,获得,机会
19647,小组,讨论,关系
19647,讨论,讨论,差异
19647,讨论,讨论,关系
19654,速度,不及,海豹
19663,存在,有,影响
19663,压力,有,作用
19670,课文,探测,物质
19679,实验,动用,探测仪
19680,粒子,撞击,原子
19680,探测仪,捕捉,事件
19687,吸引力,使,星系
19690,物质,叫做,粒子
19696,细胞,占,部分
19710,大脑,有,功能
19714,铁矿,有,重力
19720,科学家,寻找,物质
19722,粒子,穿过,地层
19725,练习,参考,内容
19730,星系,受到,吸引
19734,小组,回答,问题
19734,讨论,回答,问题
19739,写作,写成,报告
19739,结果,写成,报告
19744,生物学家,进行,研究
19748,小鸡,花,时间
19753,动物,伪装成,鸟类
19760,生物,扮成,物体
19761,生物,扮成,东西
19761,生物,扮成,鸟粪
19768,动物,像是,树枝
19772,造句,用,工具
19772,动词,用,工具
19777,天狼星,距离,地球
19791,毛虫,预测,反应
19796,程度,高于,关注
19797,生物,改变,形貌
19803,动物,装成,石头
19814,写作,改成,句子
19818,变化,影响,个头
19827,动物,摄取,食物
19829,缩小,提到,因素
19835,果蝇,改变,温度
19838,动物,使用,神经元
19842,温度,影响,行为
19843,细胞,帮助,果蝇
19844,动物,应对,变化
19847,果蝇,测量,温度
19848,通道,起,作用
19850,动物,找,环境
19857,研究,让,科学家
19860,数据,表明,数字
19879,海洋,称为,生态系统
19881,追踪,高于,生物
19881,变换,进行,搭配
19881,变换,进行,连线
19885,温度,改变,通道
19890,大脑,具有,作用
19895,温度,影响,人类
19897,动物,寻找,环境
19901,动物,对应,变化
19910,果蝇,利用,细胞
19911,动物,具有,机制
19913,科学家,作为,对象
19913,果蝇,作为,对象
19918,统计,出现,迹象
19926,一个,跨上,宇宙飞船
19934,观察者,产生,异议
19935,速度,接近,光速
19937,旅行,成为,可能
19948,地球,有,距离
19960,超导体,做,导线
19964,观察者,选择,答案
19965,结果,建立,虫洞
19968,观察者,有,看法
19970,功率,超过,壁垒
19971,宇宙飞船,超,光速
19976,时钟,具有,现象
19982,写作,写,短文
19984,彼尔,发现,粒子
19984,粒子,调,质量
19986,宇宙空间,存在,分子
19989,苹果,激发,定律
19992,树枝,带入,太空
19993,重力,让,艾萨克·牛顿
19999,飞行,带入,太空
20009,化学家,统称,有机物
20009,物质,统称,有机物
20009,物质,统称,无机物
20011,无机物,具有,性质
20020,化学,划分,有机化学
20027,科学家,称作,有机物
20027,物质,称作,有机物
20036,分子,接触,神经细胞
20037,空气,升入,高空
20038,工人,判断,温度
20052,造句,判断,内容
20052,活动,判断,内容
20058,比例,决定,性质
20062,数量,超过,有机物
20065,讨论,列出,特点
20066,有机物,找到,词语
20066,对象,找到,词语
20067,化学家,叫做,有机物
20067,物质,叫做,有机物
20083,变化,叫做,传导
20094,粒子,发生,转移
20100,现象,叫,传导
20109,生成,受到,抑制
20116,增大,依靠,生长
20117,海葵,查,动物
20123,说明,进行,搭配
20129,分子,发生,相撞
20130,分子,有,运动
20139,问题,困扰,数学家
20143,托马斯·罗基,花,时间
20144,算法,尝试,可能
20144,算法,处理,可能
20145,团队,采用,技术
20148,技术,使得,团队
20157,课文,动摇,讨论
20163,物体,产生,作用
20164,作用,跨越,距离
20172,作用,违反,直觉
20184,效应,发挥,作用
20190,心说,移向,太阳
20190,中心,移向,太阳
20195,物质,发生,化学变化
20217,粒子,需要,媒介
20219,讨论,有,认识
20226,细胞,包含,碱基对
20233,后代,患,疾病
20234,实验,得到,认可
20252,飞机,使,燃料
20265,乒乓球,放大,地球
20275,人类,具备,免疫力
20278,分子,起,作用
20278,分子,起,特性
20279,造句,选择,意思
20279,活动,选择,意思
20281,技术,确定,产生
20281,疾病,破解,尊严
20282,人类,得,综合征
20282,父母,患有,疾病
20292,发展,关系,道德
20298,生物,长成,样子
20309,物体,反射,色光
20310,讨论,有,看法
20311,干预,改变,人类
20312,研究,称,笑气
20312,一氧化二氮,称,笑气
20312,气体,成为,物质
20313,人类,排放,一氧化二氮
20314,人类,采取,措施
20315,人类,削减,使用
20323,人类,排放,笑气
20327,提示,注意,描述
20333,猜想,获,证明
20339,蜜蜂,让,截面
20340,隔墙,呈,平面
20379,动词,起,作用
20384,角度,构成,图形
20394,人脑,形成,化学反应
20396,研究,发现,方法
20412,分子,拥有,化学性质
20424,研究,启发,认识
20426,星系,存在,结构
20437,地球,有,存在
20452,动力,源于,精神
20455,造句,举出,例子
20466,原子,形成,分子结构
20483,分子结构,画,镜像
20485,科学家,利用,物理学
20485,光,转变,形状
20486,工艺,导致,产生
20494,光,出现,图案
20506,物质,做到,测量
20513,测量,产生,干扰
20516,粒子,遵循,规律
20517,物理学家,命名,原理
20522,测量,受到,干扰
20523,原理,没有,关系
20551,光,发生,作用
20551,仪器,发生,作用
20553,质量,乘以,速度
20557,工具,有,误差
20559,触碰,造成,准确
20562,接触,改变,位置
20571,讨论,了解,内容
20586,形成,受到,阻滞
20588,大脑,形成,记忆
20590,神经元,加固,电路
20591,研究,推翻,观点
20592,发现,否认,作用
20593,形成,获得,记忆
20594,神经元,形成,记忆
20595,大脑,存储,信息
20618,角色,起,作用
20620,基因,扮演,角色
20621,耳朵,扮演,角色
20622,海洋,扮演,角色
20631,动物,保持,联系
20634,下面,是不是,作用
20644,理解,选择,答案
20645,记忆,转移,大脑皮层
20646,老鼠,做,运动
20646,老鼠,做,练习
20646,神经元,破坏,记忆
20648,老鼠,找回,记忆
20653,海马区,调动,细胞
20660,工作,进行,研究
20662,工作,得到,证明
20676,概率,发生,变化
20678,方法,叫做,统计
20679,统计,得到,应用
20689,计算机,进行,检索
20713,地质学家,判断,关系
20715,元素,统称,物质
20722,登山家,进行,测量
20744,公式,着眼于,句子
20749,结果,存入,嫌疑度
20766,道尔顿,提出,定律
20773,道尔顿,解释,定律
20791,地球,当作,中心
20817,结构,经历,链接
20820,光子,自携带,信息
20820,示意图,进行,传递
20822,光子,发送,位置
20837,化石,包括,碎块
20846,遗址,位于,里程碑
20846,进化,位于,里程碑
20852,进化论,得到,支持
20858,变化,分成,种群
20865,化石,给,现代人
20878,动物,面临,威胁
20887,植物,利用,二氧化碳
20888,动物,吸入,氧气
20890,动植物,起,作用
20892,光合作用,稳定,比例
20893,水蒸气,利用,二氧化碳
20897,连线,出现,动物
20908,光能,转化,能量
20912,生物,适应,环境
20915,光线,转化,能量
20916,光合作用,产生,能量
20924,化学反应,阅读,温室效应
20927,地球,反射,辐射
20934,二氧化碳,叫,干冰
20936,食品,存放,时间
20953,性质,表现,趋势
20956,科学家,寻找,化学元素
20962,元素,在,中部
20977,制造,促进,提高
20978,历史学家,作为,标志
20978,器具,作为,标志
20981,半导体,推动,运转
20983,半导体,在,身边
20984,社会,叫做,时代
20989,同屋,说,汉语
20993,半导体,使,科技
20996,科学家,开发,能源
21003,词语,替代,能源
21003,奥运会,阅读,理解
21008,国家,有,能源
21014,塑料袋,放入,水中
21031,计算机,常用,二进制
21047,普通,有,标志
21072,次数,高于,方程
21081,单位,叫做,要素
21093,计算,表示,压强
21097,桌面,受到,压强
21098,大小,取决于,面积
21105,时候,应该,表面
21105,方向,应该,表面
21126,压强,阅读,起源
21133,星系,继续,运动
21134,引力,使,速度
21135,引力,使,物质
21136,课文,填空,质量
21136,引力,使,宇宙
21142,人造卫星,需要,速度
21145,人造卫星,克服,引力
21147,物体,受,吸引
21152,物体,达到,速度
21154,线路,产生,电流
21155,线路,有,部分
21156,电路,装有,断电器
21160,电流,超过,数值
21160,断电器,跳到,位置
21161,按钮,按回,位置
21164,家庭,用,电
21173,信息,传送,中心
21177,警察,集合,技术
21192,里面,储存,资料
21209,电脑,出现,现象
21214,大小,维持,不变
21214,病毒,增加,大小
21216,系统,花,时间
21240,网络,带来,方便
21243,人类,吃,课文
21263,表达,表示,意思
21276,体内,产生,物质
21278,蛋白,有,作用
21305,强度,影响,速度
21311,实验,检验,有效性
21317,针叶,有,作用
21320,速率,取决于,条件
21322,碰撞,使,粒子
21328,催化剂,参加,反应
21329,催化剂,阅读,理解
21329,化学反应,形成,产物
21329,粒子,利用,反应
21329,理论,理解,发生
21335,化学反应,发生,形成
21341,打呵欠,增加,氧气
21341,二氧化碳,排出,体外
21363,硝酸,属于,酸类
21372,胃里,产生,盐酸
21386,微量元素,抗,氧化剂
21405,树脂,发挥,作用
21410,练习,写出,词 保
21422,传感器,收集,信息
21422,电脑,进行,分析
21424,约翰·赫曲克,阅读,理解
21425,传感器,到,信息
21441,金属,变成,黑金
21443,技术,走到,极限
21443,纳米,使,技术
21444,研究,成为,核心
21451,人类,关心,环境
21457,生物,产生,气体
21465,比例,提供,参考
21497,建筑,叫,网格球顶
21499,建筑,节省,材料
21499,三角形,具有,稳定性
21499,建筑,有,特点
21500,建筑,具有,特点
21504,贡献,看到,联系
21505,建筑,连接,地方
21506,数字,用做,检核
21515,数字,具有,意义
21553,时候,指向,下方
21553,方向,指向,下方
21554,时候,指向,上方
21554,方向,指向,上方
21557,拉力,等于,摩擦力
21557,压力,等于,重力
21578,光,发生,折射
21580,光,走,直线
21580,远方,低于,海平面
21595,情况,有,感觉
21599,材料,具有,透气性
21606,表面,用做,材料
21617,搜索引擎,依据,信息
21623,参照物,采用,链接
21623,参照物,采用,特点
21623,参照物,采用,方法
21623,参照物,采用,偏好
21626,链接,找到,信息
21637,医生,获得,信息
21640,医生,获知,检查
21641,建立,使,系统
21642,信息,传送,地方
21643,医生,了解,信息
21645,医生,知道,信息
21646,系统,为,中心
21655,程序,提出,问题
21656,电磁场,发生,变化
21660,黑客,掌握,技术
21663,理解,盗用,手机
21664,过程,分成,程序
21670,程序,提,问题
21690,课文,包括,矿物质
21690,膳食,包括,矿物质
21692,碳水化合物,作为,来源
21701,食物,提供,能量
21701,饮食,具有,构成
21748,萝卜,产生,物质
21756,蛋白质,发生,反应
21757,酒精,有,刺激
21757,浓茶,具有,作用
21759,酒精,转化,乙醛
21760,乙醛,有,作用
21761,生物化学反应,使,成分
21768,滑雪板,分散,重力
21769,文章,表达,关系
21775,体内,还有,金属
21781,元素,属于,金属元素
21783,元素,有,作用
21790,元素,有着,作用
21792,微量元素,充当,作用
21792,生物化学反应,充当,作用
21806,方法,取决于,化学性质
21809,氧化铁,加以,还原
21811,词语,提取,化合物
21826,质量,符合,标准
21827,检查,符合,标准
21831,文字,组合,形式
21832,限量,象征,理解
21837,食品,标志,图形
21842,石灰,发生,反应
21843,成分,发生,分解
21850,课文,创造,物质
21850,人类,创造,物质
21853,黏土,改变,颜色
21858,技术,发展,水平
21860,炭黑,使,陶器
21861,化合物,还原,金属
21865,词语,描绘,理解
21886,晶体,呈,结晶
21899,电场,发生,变化
21903,数字,利用,效应
21904,下方,有,电极
21905,电极,显示,数字
21913,化学性能,没有,规则
21913,变化,没有,规则
21924,克雷默,模仿,结构
21930,形体,模仿,结构
21934,方式,表示,时间
21947,交点,称为,顶点
21949,抛物线,位于,下方
21966,标杆,跑到,下方
21974,大地,看成,平面
21995,时间,反映,速度
21997,纪录,反比,理解
22020,马雷,拍下,过程
22022,结果,使,物理学家
22023,洛强斯基,提出,解释
22024,麦克唐纳,做,实验
22025,凯恩,做,研究
22025,半身,做,运动
22027,研究,有着,意义
22037,洛强斯基,拍下,过程
22037,马雷,做,实验
22057,现象,体现,膨胀
22063,练习,写出,良好
22063,练习,写出,食物
22072,动物,生活,物种
22077,条件,指,问题
22079,程度,影响,寿命
22086,人类,建造,房屋
22092,变化,成为,因素
22104,振动,降低,水平
22114,结构,采用,材料
22117,机器人,取得,发展
22120,机械手,属于,此类
22148,字节,转换,数字
22160,地址,好,记忆
22160,系统,创造,地址
22165,机器,完成,工作
22173,作用,相当于,眼睛
22179,过程,使,执行
22187,过程,包括,部分
22188,方式,用于,顺序
22197,社会,进入,时代
22203,根据,取决于,练习
22238,理解,出现,现象
22241,练习,经常,实验
22241,理解,具有,透气性
22241,能量,借给,陌生人
22241,能量,借给,来源
22241,反应,取决于,程序
22241,反应,取决于,机率
22241,反应,取决于,流线型
22241,理解,取决于,程序
22241,理解,取决于,机率
22241,理解,取决于,流线型
22241,影子,得到,测量
22241,影子,得到,理解
22241,凯恩,做,实验
22245,练习,合乎,跨度
22245,练习,合乎,理解
22245,消耗,合乎,理解
22245,理解,利于,登机
22245,理解,利于,阅读
22245,练习,利于,登机
22245,练习,利于,阅读
22245,练习,利于,理解
22245,蛋白,抗,氧化剂
22245,试验,适应,输入 束
22247,图形,叫做,三角形
22257,三角形,写成,△ABC
22261,线段,叫做,中线
22265,关系,观察,三角形
22272,过程,得出,定理
22284,三角形,具有,性质
22289,图形,叫做,四边形
22291,端点,叫做,顶点
22294,线段,叫做,对角线
22309,定理,有着,历史
22312,产生,来源于,认识
22318,定理,有,关系
22326,整体,称为,集合
22327,对象,叫做,元素
22348,对象,属于,集合
22351,集合,表示,三角形
22376,集合,含有,元素
22380,知识,属于,关系
22392,单位,占据,位置
22396,三千四百零二万五千,写,数字
22406,分数,表示,形式
22415,倍数,有,问题
22429,世界,充满,变化
22432,路程,有,关系
22451,等式,叫做,表达式
22456,函数,涉及,问题
22458,心电图,表示,函数
22472,曲线,叫做,抛物线
22482,函数,用到,概念
22512,乘方,看作,结果
22518,符号,叫做,根号
22529,一个,叫,质数
22532,用法,表示,对象
22533,改变,叫做,运动
22554,质量,倍于,月球
22560,表达,判断,真假
22561,语句,叫做,命题
22600,真假性,有,关系
22654,反射,看见,物体
22654,光,进入,眼睛
22655,物体,叫做,光源
22655,物体,叫做,萤火虫
22657,物体,反射,光
22661,直线,叫做,光线
22662,光,射到,表面上
22666,光线,分居,两侧
22671,成像,看到,蜡烛
22676,光,进入,水中
22677,方向,发生,现象
22685,光线,偏离,线
22694,光,叫做,色光
22695,色光,产生,光
22699,一部分,透过,物体
22708,透镜,有,作用
22719,物体,到,透镜
22728,放大镜,属于,情况
22731,周围,来自,物体
22744,光,射到,原因
22744,光,射到,表面
22755,距离,变,光线
22759,同学,举,例子
22765,光,射入,水中
22765,速度,不变,光年
22765,单位,发生,反射
22765,光线,遵循,定律
22787,介质,发生,现象
22792,现象,叫做,光
22802,现象,属于,折射
22804,现象,叫,海市蜃楼
22805,孩子,眨,眼睛
22808,光,射向,玻璃
22811,现象,叫做,折射
22813,方向,改变,光
22813,污染,成为,问题
22838,中间,小于,厚度
22855,水滴,使,阳光
22859,太阳光,发散,光线
22882,光线,叫做,透镜
22884,延长线,叫做,透镜
22890,可见光,遵从,定律
22892,潜望镜,利用,光
22892,光,损害,身心健康
22894,建筑,安装,幕墙
22897,光,形成,光线
22899,距离,使,眼睛
22899,大小,使,眼睛
22900,光线,射入,液体
22900,光线,射入,速度
22933,紫外线,使,物质
22946,位置,称为,运动
22955,物体,有,形状
22959,物体,具有,质量
22962,概念,有,联系
22962,时刻,有,联系
22962,时间,有,联系
22964,时间,指,间隔
22973,运动,表示,快慢
22973,速度,等于,比值
22979,大小,叫做,速率
22980,比值,叫做,速率
22985,速度,保持,不变
22987,速度,叫做,运动
22995,物体,具有,方向
22995,速度,具有,方向
22998,矢量,发生,变化
23005,物体,没有,加速度
23014,比值,叫做,速度
23017,纳米,写出,位置
23017,轨迹,写出,位置
23035,路程,等于,大小
23044,乌龟,爬到,终点
23064,速度,属于,矢量
23093,广州,在,南方
23123,同学,需,时间
23136,流动,属于,运动
23139,程度,称为,速度
23144,知识,阅读,物理
23145,长度,等于,半径
23186,体积,发生,改变
23199,过程,叫做,合成
23201,对角线,代表,方向
23208,分解,求,分力
23219,定律,揭示,关系
23227,一个,叫做,作用力
23252,机械,叫做,轮轴
23255,斜面,也是,机械
23256,拉力,小于,重力
23257,弹力,超过,限度
23266,字母,写入,摩擦
23278,绳子,碰到,摩擦
23297,宇宙飞船,处于,状态
23358,选择题,提起,机械
23358,拉力,提起,机械
23362,顶部,受到,作用
23363,起重机,吊起,重物
23363,起重机,改用,速度
23370,重物,选用,机械
23424,受力,发生,形变
23433,气球,受到,作用
23434,物体,发生,形变
23437,物体,表现,惯性
23441,练习,加上,后缀
23452,知识,阅读,定律
23454,物理学,发展,阶段
23456,物理学家,创立,量子力学
23459,爱因斯坦,提出,相对论
23466,后缀,表示,性质
23466,后缀,表示,程度
23489,电压,产生,电流
23489,两端,有,电压
23490,电源,提供,电压
23525,功率,消耗,电能
23527,电能,发生,转化
23544,周围,存在,物质
23545,周围,有,电场
23555,工作,包括,过程
23558,电容器,解决,问题
23561,比值,叫做,电容
23563,指向,阻碍,电阻
23571,大小,均无,关系
23599,电压,消耗,形式
23601,选择题,使,功率
23629,电场,没有,作用
23651,方向,做,变化
23658,电压,等于,两端
23658,电阻,等于,串联
23659,倒数,等于,电阻
23670,比值,叫做,电容器
23679,并联,小于,电流
23692,改写,改写,句子
23695,电阻,表示,圆周率
23695,直径,表示,压强
23695,面积,表示,引力
23695,体积,表示,加速度
23696,材料,叫做,半导体
23698,变化,转化,电信号
23702,电阻,起到,作用
23707,半导体,发挥,作用
23713,靶子,表示,元素
23724,分子,属于,此类
23731,分子,包含,氢原子
23731,分子,包含,原子
23733,水中,有,分子
23742,物质,起,变化
23742,分子,起,变化
23743,分子,发生,变化
23745,分子,分成,粒子
23745,原子,组合,分子
23746,原子,发生,变化
23756,表中,列出,构成
23758,原子核,相当于,大小
23763,比值,又称,原子量
23765,元素,称为,化学元素
23768,氢原子,统称,元素
23768,原子,统称,元素
23786,外层,具有,结构
23787,趋向,达到,结构
23789,形成,失去,电子
23793,离子,形成,化合物
23796,氧气,写出,汉字
23796,句子,构成,物质
23809,物质,没有,变化
23826,元素,具有,统一
23842,选择题,属于,粒子
23863,元素,呈现,惰性
23880,金属元素,失去,电子
23880,金属元素,得到,电子
23896,物质,含,元素
23902,粒子,具有,不同
23906,铁轨,到,长度
23909,温度计,拿到,外面
23920,实验,有,误差
23934,词组,组成,句子
23934,原子,平行,四边形
23948,通信卫星,在,上空
23964,粒子,构成,世界
23968,燃烧,属于,化学变化
23971,化学变化,生成,物质
23974,性质,叫做,化学性质
23975,盐酸,反应,气体
23977,密度,属于,性质
23988,质量,叫做,符号
24004,化合物,有,组成
24008,物质,参加,反应
24008,集团,参加,反应
24019,物质,组成,元素
24021,方程式,学习,化学
24024,化学家,表示,关系
24026,方程式,反映,事实
24052,玻璃,碎,变化
24053,氢气,燃烧,化学变化
24066,变化,叫做,化学反应
24075,过程,属于,化学变化
24077,下列,属于,性质
24078,下列,属于,化学性质
24128,式子,叫做,方程式
24147,句子,生成,物质
24164,铁块,磨成,变化
24172,铜器,生,化学变化
24173,二氧化碳,使,石灰水
24186,能源,叫,甲醛
24189,物质,燃烧,二氧化碳
24201,用途,决定,性质
24212,性质,说出,结果
24215,发展,推动,进展
24218,拉瓦锡,使用,物质
24221,技术,达,要求
24223,化学家,做,实验
24225,认识,有,发展
24274,前者,属于,物质
24274,后者,起,作用
24295,食盐,放到,水中
24299,物质,叫做,溶剂
24302,酒精,做,溶剂
24302,汽油,溶解,油脂
24303,高锰酸钾,溶于,汽油
24307,现象,发生,变化
24308,过程,吸收,热量
24308,过程,放出,热量
24318,过程,叫,结晶
24322,水中,溶解,硝酸钾
24323,物质,达到,状态
24325,水里,溶解,氯化钠
24350,质量,计算,成分
24352,质量,计算,分数
24352,质量,学习,化学
24354,二氧化碳,表示,化学反应
24369,化学反应,写出,物质
24369,化学反应,写出,空气
24393,化学反应,属于,化学性质
24415,组合,表示,物质
24471,铜器,生,二氧化碳
24491,报道,说明,氯气
24503,计算,使,人造卫星
24573,混合物,叫做,溶液
24587,物质,属于,溶液
24598,硝酸钾,析出,过程
24607,温度,变为,溶液
24647,溶液,加入,硫酸钾
24660,结晶,配制,硫酸
24660,毒害,配制,硫酸
24675,计算机,联成,网络
24677,计算机,发挥,作用
24687,食盐,加入,水中
24692,水中,溶解,氯化钠
24698,地球卫星,送入,轨道
24734,光线,透过,缝隙
24734,形成,属于,效应
24752,氧气,变成,固体
24758,顺序,有,应用
24770,表面,生成,氧化物
24783,反应,放出,气体
24786,前面,讲解,化学性质
24792,性能,加以,调节
24830,部件,含有,金属
24869,溶液,具有,化学性质
24893,密度,腐蚀,薄膜
24894,程度,反映,活动性
24904,学生,表示,化学性质
24913,技术人员,点燃,铝热剂
24925,杂质,组成,空气
24929,硫酸,反应,反应
24930,人体,摄,元素
24932,饮料,溶,二氧化碳
24957,应用,经历,变化
24957,发展,经历,变化
24963,计算机,分为,微型机
24964,微型机,称,计算机
24975,空间,称为,单元
25010,软件,指,操作系统
25018,系统,进行,查询
25032,系统,配接,外部设备
25050,选择题,经历,变化
25055,计算机,处理,数据
25089,光盘,属于,计算机
25095,硬件,包括,部分
25107,常用,分成,类型
25107,打印机,分成,类型
25127,系统,配接,软件
25132,速度,达到,小时
25134,指标,兼容,晶体管
25152,计算机,处理,信息
25153,硬件,包括,键盘
25172,数字,通用,光盘
25176,计算机,丢失,数据
25177,表示,属于,范围
25182,用户,请求,计算机
25221,右边,称作,区域
25243,对象,拖到,位置
25249,上下,滚动,箭头
25250,左右,滚动,箭头
25252,区内,滚动,位置
25253,窗口,放大,按钮
25253,窗口,放大,尺寸
25253,窗口,还原,按钮
25253,窗口,还原,大小
25253,窗口,缩小,按钮
25268,对象,送入,剪贴板
25269,对象,复制,目的地
25276,计算机,处于,状态
25286,选择题,称为,一个
25312,选择题,代表,对象
25323,界面,采用,方式
25347,命令,删除,对象
25353,按钮,有,变化
25356,练习,朗读,词语
25375,对象,复制到,目的地
25376,文本,打开,菜单
25404,用户,进行,操作
25404,系统,执行,程序
25414,硫酸,走近,细胞
25419,结构,进行,观察
25419,结构,包括,部分
25422,细胞膜,让,物质
25424,细胞质,处于,状态
25426,叶绿素,进行,转化
25426,光能,进行,转化
25436,细胞,还有,细胞壁
25440,细胞,表现,生命力
25447,细胞核,挤向,一侧
25449,现象,叫做,生长
25451,细胞,生长,大小
25453,细胞核,发生,变化
25453,细胞质,发生,变化
25455,细胞,保留,能力
25456,细胞,发育,阶段
25456,细胞,保持,能力
25456,细胞,失去,能力
25457,变化,叫做,分化
25460,生物,发生,分化
25460,细胞,发生,分化
25463,细胞,处于,状态
25465,细胞,停止,分裂
25468,化学反应,发生,变化
25468,功能,发生,变化
25469,细胞,具有,特征
25478,细胞,结束,生命
25481,凋亡,起,作用
25500,选择题,具有,结构
25501,病毒,需要,细胞
25502,结构,通过,观察
25503,显微镜,有,作用
25505,细胞质,起,作用
25506,内部,形成,环境
25510,细胞,形成,细胞膜
25517,细胞核,处于,部位
25529,细胞,形成,细胞壁
25538,增多,有,关系
25541,细胞,吸取,物质
25552,传递,影响,运输
25554,细胞,经历,过程
25580,过程,发生,变化
25580,表现,发生,变化
25583,细胞,结束,过程
25595,过程,叫做,凋亡
25600,细胞,保持,形态
25607,汁液,来自于,细胞
25612,体积,增大,分化
25619,多莉,证明,作用
25620,细胞核,挤,一侧
25634,现象,叫做,扩散
25654,生物圈,提供,条件
25654,生物圈,提供,空间
25659,表面,覆盖,土壤
25663,生活,受到,影响
25664,因素,发生,变化
25666,生物,受到,影响
25670,因素,影响,生物
25671,生物,有,生活方式
25681,数量,发生,变化
25683,整体,叫做,生态系统
25684,湖泊,看作,生态系统
25685,组成,制造,有机物
25685,植物,制造,有机物
25689,能量,流入,体内
25693,有机物,分解,物质
25701,生态系统,具有,能力
25702,生态系统,遭到,破坏
25704,物质,进入,生态系统
25710,生态系统,受,影响
25712,长江,源自,生态系统
25716,种子,到达,生态系统
25717,迁徙,经过,生态系统
25718,生物,带到,地方
25721,年代,使用,药剂
25724,DDT,危害,生物
25734,生物,具有,生活方式
25737,作用,造就,生物圈
25756,生物,影响,环境
25760,生物圈,包括,部分
25778,整体,叫做,系统
25803,稳定性,提高,生产者
25816,事实,体现,生物
25818,答题,有,作用
25834,系统,遭到,破坏
25842,平衡,打破,系统
25851,生态系统,地处,地区
25856,生态系统,具有,作用
25859,生物圈,破坏,稳定性
25861,生物,属于,消费者
25864,生物圈,包括,表面
25874,动物,叫做,消费者
25884,酸雨,成为,问题
25892,活动,影响,环境
25904,燃烧,有,森林
25923,人类,模拟,环境
25924,年代,建造,基地
25928,科学家,利用,计算机
25940,伽利略,做,实验
25948,关系,表示,vt
25949,延长线,写出,线
25968,菱形,写出,汉字
25991,字母,表示,元素
26044,语句,是不是,命题
26052,命题,写成,形式
26055,命题,经过,圆心
26063,选择题,判断,命题
26118,太阳光,通过,棱镜
26136,中间,大于,厚度
26145,练习,做出,镜面
26145,练习,做出,判断
26145,反射,做出,判断
26157,时间,考虑,长度
26159,方向,指向,位置
26163,路程,大于,位移
26173,物体,经过,位置
26199,比值,称为,速率
26201,比值,称为,速度
26205,施力 牛顿,撤销,答案
26208,重量,计算,重力
26222,物体,叫做,作用
26222,物体,叫做,弹力
26232,大小,取决于于,方向
26233,物体,有,惯性
26234,汽车,受到,作用
26251,动力,在,轴上
26274,重力,小于,浮力
26290,截面,提供,阻碍
26298,面积,判断,大小
26301,物体,叫做,导体
26302,物体,叫做,绝缘体
26318,多少,决定,时间
26319,电流,通过,快慢
26321,问答,叫做,电路
26331,电场,有力,作用
26347,比值,乘以,数值
26366,质量,有,区别
26419,知识,阅读,金属元素
26419,知识,阅读,密度
26419,汽油,挥发,关系
26419,玻璃,碎,沸点
26422,物质,变成,固态
26455,化合物,等于,氧化物
26455,化合物,等于,碳酸氢铵
26459,性质,决定,用途
26498,因素,还有,质量
26514,汉语拼音,改 善,密度
26523,表面,生成,薄膜
26530,答案,写出,汉字
26547,调节,拓展,规整
26581,激光,衡量,摄像头
26582,计算机,需要,硬件
26606,存储器,读,系统
26606,软件,填上,数据库
26611,系统,属于,软件
26640,汉语拼音,拖,箭头
26651,工作区,翻动,内容
26653,桌面,打开,查找
26659,命令,恢复,对象
26666,细胞核,起,作用
26671,细胞,包括,部分
26697,尾巴,消失,细胞
26709,练习,填空,细胞膜
26709,练习,填空,细胞质
26756,沙地,成为,生态系统
26783,有毒物,进入,系统
26796,内容,选择,答案
26810,两者,有,意思
26875,位置,反映,化学性质
26888,计算机,称为,电脑
26890,气体,读,数字
26894,小说,具有,吸引力
26897,构成,有,意思
26898,组成,用于,组合
26900,集体,用,构成
26901,原子,构成,分子
26901,分子,构成,物体
26944,汽车,离,石油
26944,尾气,污染,环境
26946,汽车,采用,燃料
27062,方程,化成,x²
27070,长度,叫做,要素
27083,作用于,叫做,压力
27085,计算,表示,面积
27089,桌面,受到,压力
27089,压强,受到,压力
27135,引力,吸引住,月球
27161,符号,等于,to
27161,汉语,等于,to
27165,机器人,进行,制作
27174,条件,改变,结果
27190,地图,定位,位置
27195,地图,创造,可能
27198,模式,产生,变化
27204,最大,数,病毒
27233,模式,带动,发展
27283,条件,影响,状况
27288,农业,实现,机械化
27289,发展,意味,进步
27290,保证,还有,意思
27298,发生,意味,形成
27373,注释,拥有,表示
27399,练习,写出,弹性
27415,车辆,控制,数量
27441,金属,切割,微粒
27447,烟雾,关心,环境
27458,能源,包括,核能
27473,比例,接近,黄金分割
27491,意思,用于,书面
27517,数字,用作,检核
27522,程序,算出,余数
27577,书面语,表示,意思
27597,仙境,指,现象
27678,化学,应用,方面
27679,数字化,带来,变革
27682,系统,推荐,医生
27684,系统,进行,分诊
27690,病人,收到,报告
27697,报告,去,医院
27700,信息化,改变,系统
27715,阅读器,作为,工具
27773,碳水化合物,作用,形式
27787,词语,比较,基础
27787,基本,指,根本
27787,基本,指,主要
27792,分解,指,部分
27792,分裂,指,部分
27800,阻力,达到,平衡
27822,工程,配对,阅读
27847,微量元素,有着,作用
27849,元素,充当,作用
27965,反应,表现,奥秘
28069,方法,计算,问题
28078,身体,受到,阻力
28082,因素,不同,大小
28082,大小,没有,数值
28085,惯性,保持,属性
28086,情况,列举,例子
28086,文中,列举,例子
28088,物体,无所谓,惯性
28105,重力,大于,拉力
28112,因素,影响,速度
28157,塔顶,偏离,线
28170,动物,面临,短缺
28172,课文,集,技术
28175,人类,涉及,配合
28184,计算机,监控,环境
28189,系统,选择,路线
28190,监控,避开,理解
28195,系统,帮助,汽车
28203,结果,提交,用户
28229,发展,形成,王国
28286,法则,阅读,练习
28305,能源,产生,气体
28310,地方,出现,现象
28315,来源,有,作用
28339,曲线,称为,边界
28350,函数,研究,关系
28355,曲线,称为,区域
28359,概念,来源于,研究
28362,函数,作为,原型
28364,函数,重复,运算
28368,关系,使,元素
28374,理解,来源于,研究
28381,思想,追溯到,古代
28386,牛顿,意识到,重要性
28393,极限,追溯,逻辑
28394,思想,到,古代
28419,形式,罗列,条件
28438,上面,装有,系统
28440,主板,接,硬件
28448,字符,淘汰,理解
28452,档次,决定,速度
28470,系统,进行,扩展
28472,术语,注释,数据
28479,计算机,提出,需求
28479,计算,提出,需求
28481,计算机,有,应用
28482,计算机,进入,行列
28485,计算机,入围,提名
28490,计算,提供,手段
28494,戈登·贝尔奖,阅读,理解
28495,计算机,采用,处理器
28497,开发,起,作用
28499,计算机,引起,关注
28501,词汇,引起,向往
28502,提出,始于,年代
28505,积累,使得,技术
28505,助手,转化,文字
28505,语音,转化,文字
28505,技术,提取,文字
28508,项目,使用,技术
28509,智商,有,发展
28515,人工智能,识别,文字
28518,大脑,超越,人类
28523,使用,说明,格式
28529,用户,操作,计算机
28541,软件,包括,工具
28546,软件,采用,工具
28547,软件,有,许可
28547,使用者,使用,软件
28548,拷贝,引发,问题
28549,浏览器,许可,理解
28549,软件,包括,程序
28556,应用题,找出,软件
28579,吸引力,超过,Aero
28581,用户,搜索,信息
28585,效果,提供,功能
28589,功能,采用,结构
28589,功能,采用,操作系统
28590,用户,打开,窗口
28594,数据,描述,属性
28605,硬件,执行,源程序
28606,过程,称为,编译
28606,结果,称为,程序
28608,程序,变成,形式
28614,术语,注释,函数
28617,内容,包括,介绍
28617,算法,加上,说明
28618,函数,加上,说明
28629,年轻人,关注,事件
28635,软件,属于,使用
28640,系统,提供,方法
28641,硬件,发生,变化
28645,发展,影响,生活
28646,发展,经历,阶段
28646,网民,获取,信息
28650,理解,填表,形式
28656,网络,引起,瘫痪
28676,硬件,支持,协议
28680,用户,进行,通信
28682,电脑,连接,网络
28712,大小,发生,变化
28713,物体,具有,加速度
28714,外力,改变,方向
28714,方向,指向,圆心
28715,物体,远离,圆心
28717,外力,小于,向心力
28725,阻力,提供,向心力
28727,现象,造成,危害
28736,向心力,改变,方向
28743,离心力,克服,阻力
28743,用途,叙述,现象
28756,牛顿,提出,定律
28757,定律,构成,体系
28761,定律,受到,作用
28762,牛顿,得出,概念
28770,定律,迫使,微积分
28773,运动,保持,状态
28778,定律,给出,关系
28791,成功,使,物理学家
28794,加速度,分解,分量
28797,现象,叫做,重力
28801,重力,带来,不便
28803,空气,产生,对流
28804,活动,受,影响
28811,开发,提供,途径
28814,环境,带来,好处
28815,范本,需要,报告
28815,项目,需要,报告
28816,报告,包括,信息
28816,课文,注意,现象
28818,影子,反映,大小
28819,物体,产生,影子
28819,影子,有,关系
28820,现象,进行,总结
28823,线,交于,中心
28826,投影,表达,大小
28830,交点,称为,原点
28834,视图,反映,关系
28839,影子,没有,关系
28839,形状,没有,关系
28848,线,叫,棱线
28854,视图,区分,物体
28858,轴线,分成,部分
28858,轴线,分成,直线
28858,立体,分成,部分
28858,立体,分成,直线
28869,环节,为,依据
28894,系统,提供,工具
28904,结果,推到,总体
28910,方法,为,基础
28915,结果,接近,分布
28920,频数,表示,数字
28922,概率,重复,比例
28924,概率,表示,比例
28925,比例,表示,百分比
28938,球队,有,可能
28952,本文,介绍,关系
28970,形式,包含,信息
28974,数字,提供,量度
28988,单位,结合,情况
28989,格式,分为,安排
28995,执行者,实施,管理
28998,计划,采用,形式
29014,元素,射出,碎片
29014,元素,射出,原子核
29037,分析,鉴别,物质
29042,加速器,创造,条件
29051,科学家,制成,元素
29067,分子结构,确定,结构
29069,学说,起到,作用
29078,凯库勒,确立,结构
29079,结构,起到,作用
29087,凯库勒,提出,结构
29097,细胞,遭到,破坏
29104,细胞,具有,功能
29106,细胞,进行,代谢
29116,顺序,表现,信息
29117,顺序,有着,关系
29131,报告,有,部分
29131,报告,有,讨论
29144,冯克,提取,物质
29147,物质,统称,维生素
29148,命名,采用,字母
29159,矿物质,喂养,米糠
29162,脚气病,影响,系统
29172,疾病,叫,维生素
29173,动物,缺乏,维生素
29174,科学家,提取,物质
29180,食物,刺激,系统
29188,感受性,有,联系
29196,感受性,没有,联系
29227,生物化学反应,破坏,成分
29236,特点,分为,调查报告
29237,调查报告,有,规律性
29245,内容,有,观点
29246,导语,有,类型
29247,议论,在,部分
29248,内容,有,方面
29248,内容,有,事实
29257,内容,分为,部分
29275,空间,分成,部分
29299,建立,开创,数学
29300,世纪,研究,问题
29300,费马,研究,问题
29307,学科,达到,形式
29310,发展,有着,联系
29311,创立,打下,基础
29315,几何,包括,部分
29317,数学家,研究,问题
29321,速度,考虑,大小
29324,上方,加,箭头
29330,向量,移动,位置
29343,结论,推广,空间
29349,自然界,节省,皮肤
29354,创造性,提出,问题
29357,格式,趋向,标准化
29361,规定,起到,作用
29372,报警器,检查,速度
29382,飞机,移向,卫星
29389,频率,发生,变化
29397,效应,带来,问题
29400,改变,引起,变化
29400,系统,减去,做功
29406,系统,处于,状态
29406,系统,处于,过程
29417,系统,传给,外界
29418,中间,需要,媒介
29419,周围,存在,电场
29427,强度,简称,比值
29428,方向,没有,关系
29431,现象,利用,电磁场
29434,磁场,存在,变化
29434,时候,产生,电流
29434,电流,产生,回路
29435,涡流,有,特性
29435,电流,达到,强度
29438,灶具,加热,空气
29441,铁芯,产生,现象
29444,涡流,进行,检查
29459,处理,列成,表格
29460,数据,写明,单位
29461,数据,采用,单位
29469,工程,属于,范围
29471,设计,创造,环境
29473,形象,发生,变化
29475,功能,分为,类型
29476,建筑,满足,要求
29481,材料,有着,意义
29482,材料,促进,发展
29489,探讨,有,发展
29489,问题,进行,解释
29492,术语,注释,壳体
29492,曲面,称为,表面
29500,功能,有,类型
29502,材料,有,意义
29505,建筑,分为,类型
29507,建筑,得到,完善
29511,建筑,采用,方式
29512,建筑,体现,特点
29518,建筑,趋向,模式
29519,建筑,为,特色
29524,建筑,有,不同
29526,建筑,有,异同
29527,建筑物,耗费,自然资源
29535,结果,提交,部门
29546,建筑师,决定,关系
29567,布局,划分为,部分
29574,正面,呈,长方形
29603,方法,具有,结构
29605,规定,使,研究
29606,规定,成为,基础
29608,规定,构成,形式
29616,研究者,提出,问题
29619,方法,使,问题
29631,方法,构成,内容
29634,问题,表达,形式
29641,学者,进行,研究
29659,约翰逊,进行,实验
29665,曲线,为,中心
29666,曲线,没有,区别
29682,单位,写,全称
29692,内容,包括,结论
29703,内容,有,独立性
29709,生物体,含有,元素
29711,元素,提供,帮助
29715,历史学家,做,研究
29722,人类,探索,结构
29722,发现,提供,工具
29725,射线,有,作用
29732,射线,没有,作用
29738,人类,来源于,居民
29745,研究,使,人类
29747,变化,引起,进军
29748,化合物,具有,本领
29754,导线,消耗,电能
29755,原因,通过,电流
29758,超导材料,显示,生命力
29759,前奏曲,损耗,磁悬浮
29759,技术,包括,悬浮
29759,本文,指,技术
29766,超导材料,做成,导线
29770,发展,回答,问题
29771,教授,做,实验
29777,成分,不含,物质
29778,时钟,通过,实验
29778,神经细胞,产生,物质
29781,物质,找,出口
29806,微粒,催化,反应
29809,氧化物,变为,氮气
29830,管理科学,需要,基础
29830,发展,需要,基础
29840,向量,表示,方向
29858,二维,推广,关系
29866,代数,学习,工具
29883,位置,有,意义
29916,代数,为,对象
29917,领域,限于,空间
29920,皮亚诺,定义,空间
29922,概念,摆脱,计算
29926,关系,称为,映射
29934,单位,进行,建设
29937,说明书,包括,部分
29941,正文,又称,说明
29943,设计,具备,内容
29945,设计书,加以,说明
29946,内容,视,大小
29947,工程,分,章节
29957,冰虫,抵御,高温
29961,体内,含有,物质
29961,细胞,释放,能量
29977,句子,有,词语
29987,地方,保暖,冰虫
29998,冰虫,有,方式
30002,眼睛,包括,复眼
30005,昆虫,作出,反应
30014,蜜蜂,做出,反应
30035,眼睛,有,不同
30037,眼睛,分辨,颜色
30046,器官,出现,现象
30052,水晶体,使,细胞膜
30057,体内,找,物质
30061,问题,找,答案
30070,冰晶体,使,细胞膜
30074,降低,降低,冰点
30101,氧化,产生,热量
30108,体重,消耗,能量
30121,技术,消耗,物质
30123,动物,消耗,物质
30128,动物,有,不同
30132,地球,出现,植物
30133,物质,起,作用
30134,研究,发现,基因
30134,研究,发现,RNA
30138,长短,发生,作用
30143,部位,实现,传递
30144,物质,行使,功能
30146,分子,刺激,程序
30174,时间,有,关系
30179,微生物,传播,环境
30180,速度,超过,以往
30189,人类,不负,责任
30190,人类,有所,了解
30202,中国,没有,生物
30203,人类,负,责任
30214,动物,有,情感
30234,博士,做,实验
30266,花朵,需要,睡眠
30272,运动,使,植物
30273,照射,干扰,机制
30276,运动,受,控制
30280,恩瑞特,提出,解释
30284,科学家,发现,现象
30302,叶子,需要,睡眠
30303,理论,解释,运动
30305,午睡,有,关系
30307,月光,有,关系
30309,睡眠,有,关系
30314,发展,有,关联
30318,黄土,覆盖,表面
30324,方式,使,现象
30324,生态平衡,遭到,破坏
30324,生态平衡,遭到,淤塞
30326,沉积物,有着,影响
30335,文章,举,例子
30337,文章,有,可能
30341,黄土,使,现象
30356,波浪,送回,岸边
30410,气候,起,作用
30472,青藏高原,生活,动物
30478,青藏高原,烧,太阳
30487,法国,受到,影响
30490,资料,集中,地方
30493,法国,成立,系统
30494,条件,影响,胜败
30495,天气预报,成为,信息
30514,诞生,有,关系
30518,挑战,公布,结果
30518,杂志,公布,结果
30523,发展中国家,蒙受,损失
30526,气温,存在,联系
30528,变化,表现,相关性
30532,强弱,影响,数量
30532,云量,发生,变化
30534,科学家,低估,影响
30535,人类,改变,活动
30561,积雪,反射,太阳光
30562,积雪,使得,温度
30585,地区,出现,现象
30587,作用,进行,模拟
30587,关系,进行,模拟
30597,变化,推动,演变
30599,年代,引发,战争
30612,时间,算是,时代
30637,变化,有,影响
30638,消失,有,关系
30639,时代,有,影响
30640,时代,有,关系
30663,身体,做出,反应
30665,疾病,取决于,基因
30685,现象,存在,差异
30689,科学,证明,存在
30703,达尔文,采集,化石
30706,达尔文,进行,整理
30707,生物,有着,祖先
30717,达尔文,进行,航行
30721,发展,判别,正误
30731,人类,脱离,古猿
30731,历史,分为,阶段
30743,化石,始于,区别
30748,化石,属于,代表
30749,人类,进入,阶段
30759,研究,观察,现象
30762,发展,经历,认识
30773,问题,困扰,科学家
30779,系统,孕育,生命
30784,含有,处在,外围
30785,条件,满足,要求
30785,概率,存在,行星
30802,行星,充当,摇篮
30803,人类,探寻,外星人
30812,行星,适合,进化
30829,物质,排出,体外
30835,悲伤,使,大脑
30861,人类,交流,情感
30862,恐惧感,影响,部分
30863,姿势,让,观察者
30866,研究者,记录,表现
30867,图像,显示,部分
30868,区域,做出,反应
30869,大脑,做出,反应
30874,反应,感染,人群
30875,人类,减慢,速度
30877,研究,帮助,科学家
30888,联系,起,作用
30891,反应,感染,说明
30892,人类,起,作用
30892,姿势,起,作用
30916,食品,成为,部分
30954,疾病,引起,变化
30954,变化,引起,改变
30991,病毒,引起,疾病
31002,人类,消灭,疾病
31005,病毒,使,系统
31006,天性,使得,人类
31042,人类,感染,H5N1
31043,禽流感,袭击,荷兰
31046,禽流感,带来,打击
31052,内蒙古,发生,禽流感
31063,人类,感染,病毒
31066,禽流感,停止,侵袭
31074,禽流感,带来,后果
31087,病毒,找到,信息
31100,软件,拿到,报酬
31103,病毒,有,可能
31104,计算机,造成,损失
31112,系统,相当于,处理器
31116,病毒,受到,影响
31123,红外,接收,信息
31143,手法,受,影响
31153,体系,经历,变化
31157,基因,决定,特性
31158,黑猩猩,共有,基因
31167,人类,缺乏,基因
31167,基因,保护,大脑
31171,比较,提供,答案
31177,比较,提供,问题
31181,黑猩猩,拥有,基因
31203,研究,进行,调查
31219,研究,揭示,观点
31250,普通人,变成,天才
31254,天才,源于,勤奋
31256,人类,了解,细节
31256,常人,变成,天才
31264,大脑,得到,解放
31274,天才,进行,刺激
31286,人类,有,能力
31287,过程,影响,行为
31303,疗法,重视,影响
31319,影响,重视,事件
31325,恶作剧,看到,现象
31342,古代,有,活动
31426,河流,还有,成因
31454,科学,作出,解释
31459,光,进入,空气
31493,生物,产生,影响
31494,生物,具备,硬壳
31494,条件,发生,改变
31497,地球,展现,面貌
31508,生物,出现,寒武纪
31509,温度,降低,深度
31519,现象,产生,结果
31530,爬行动物,得到,发展
31530,恐龙,霸,地球
31530,表面,受益于,植物
31534,环境,受,影响
31541,恐龙,霸,表面
31554,气候,发生,变化
31562,真骨鱼,得到,发展
31569,绝灭,引起,发展
31569,地球,呈现,景观
31590,生物,发起,挑战
31595,人类,失去,植物
31680,情感,具有,基础
31685,研究者,准备,状态
31687,计算机,读懂,情绪
31700,交谈,超出,程度
31701,内容,来自,情绪
31728,博士,进行,研究
31730,飞行,依靠,机器
31739,小组,提出,技术
31770,能量,转化,内能
31779,核能,清洁,能源
31783,材料,耐,高压
31811,核电站,关系,发展
31819,分子,发生,反应
31857,形成,有,因素
31870,自然界,杀灭,病毒
31894,灰霾,有,影响
31898,社会,保持,发展
31898,环境,遭遇,破坏
31902,垃圾,围困,地球
31907,人类,发射,火箭
31907,数量,保持,稳定
31908,卫星,受到,威胁
31911,人类,想出,办法
31912,垃圾,提醒,人类
31912,发展,付出,代价
31927,人类,有,办法
31936,垃圾,有,影响
31942,现代人,有,时间
31942,时间,在,家里
31949,辐射,带来,影响
31951,挥发,也是,来源
31974,污染,有,关系
31978,生 活  人,说,口头禅
31978,口头禅,灌,耳朵
31980,口头禅,反映,心理
31981,信息,形成,模式
31983,口头禅,反映,心态
31984,形成,无外乎,结果
31989,口头禅,带有,意味
32001,口头禅,灌进,耳朵
32010,口头禅,反映,性格
32010,口头禅,反映,情绪
32011,影响,得到,安慰
32019,口头禅,有,作用
32034,河马,打,哈欠
32034,猩猩,误解,行为
32040,机制,有,关系
32042,现象,代表,模仿
32043,打哈欠,具有,感染力
32048,狮子,打,哈欠
32084,关系,促进,合作
32097,人类,跳舞,舞蹈
32107,舞蹈,有,作用
32124,作用,形成,偏爱
32152,季节,看到,星空
32162,变化,成为,依据
32164,技术,称为,占星术
32170,伏尔泰,说,结果
32197,血液,分为,类型
32209,问题,等待,发展
32231,命运,有,关系
32246,压力,产生,效应
32257,消息,产生,结果
32261,现象,得到,解释
32279,医生,证明,影响
32280,效应,抵消,作用
32301,移植,发挥,作用
32304,数量,有,差异
32307,信息,有,价值
32321,作用,选拔,人才
32359,眼睛,诉说,哀伤
32377,意图,骗,黑猩猩
32379,眼睛,没有,办法
32394,眼睛,移开,书本
32402,大脑,想象,后果
32430,红灯,起,作用
32451,火花,引发,产生
32453,研究,走进,死胡同
32458,创造性,属于,天才
32500,鲁珀特·谢尔德雷克,从事,实验
32503,区域,感知,危险
32504,区域,觉察,变化
32510,行为,导致,结果
32513,受试者,处理,事件
32513,人员,插入,箭头
32515,区域,了解,信息
32519,区域,感知到,危险
32530,研究,限于,动物界
32561,氢气,用于,合成氨
32563,实验室,收集,氢气
32566,氢气,通过,氧化铜
32570,反应,生成,二氧化碳
32577,二氧化碳,称为,干冰
32587,密度,大于,性质
32592,炼铁,利用,一氧化碳
32595,一氧化碳,具有,毒性
32599,形态,发生,改变
32611,水里,有,分子
32619,物质,保持,性质
32622,粒子,叫做,原子
32629,质量,取,数值
32643,电子,达到,结构
32652,Cu,表示,元素
32661,化合物,叫做,二氧化碳
32677,分子式,表明,数目
32680,总和,叫做,质量
32684,质量,乘以,思考
32687,电子,发生,变化
32692,离子,结合,化合物
32744,定律,等于,总和
32748,方程式,表明,条件
32756,元素,占据,位置
32759,原子,形成,半径
32760,一半,定为,半径
32764,晶体,称为,半径
32768,原子核,有,吸引力
32771,化学性质,呈现,变化
32785,位置,反映,性质
32796,结构,有,关系
32803,化学变化,生成,变化
32826,性质,呈,规律
32844,金属,包括,元素
32859,过氧化钠,发生,反应
32859,过氧化钠,起,反应
32871,氢氧化钠,吸收,水分
32875,氢氧化钠,发生,反应
32875,化学性质,活泼,电子
32882,化合物,使,火焰
32883,反应,呈,黄色
32884,反应,呈,紫色
32885,化合物,呈现,反应
32885,金属,呈现,反应
32891,食盐,放入,水中
32891,粒子,分散,中间
32916,温度,升高,溶解
32920,分数,等于,质量
32920,下面,举,例子
32923,质量,等于,公式
32934,物质,放到,水中
32942,实验室,现有,蒸馏水
32945,电子,形成,结构
32947,氯气,呈,黄绿色
32961,氯气,具有,漂白性
32969,漂白粉,具有,效果
32980,盐酸,发生,反应
32982,电子,形成,稳定
32996,现象,叫做,升华
33001,技术,称为,萃取
33003,检验,滴入,硝酸
33024,质量,使用,单位
33049,氢氧化钠,溶于,水中
33052,本题,进行,计算
33054,分析,发生,变化
33059,质量,除以,关系
33074,知识,强化,内容
33076,内容,包括,有机化学
33108,用户,排,空气
33124,二氧化碳,导致,温室效应
33243,过程,表示,原子
33329,中部,包括,元素
33379,绝对值,等于,习题
33402,反应,说明,稳定
33450,物质,具有,性质
33469,方法,等于,质量
33554,文本,分,部分
34102,元素,有,电子
34104,氧气,称为,养气
34116,二氧化锰,起,作用
34124,元素,有,形体
34140,三氧化硫,分解,氧气
34144,二氧化硫,使,颜色
34144,有机物,发生,反应
34144,二氧化硫,具有,作用
34148,水溶液,叫,硫酸
34153,硫酸,具有,特性
34154,硫酸,吸收,水分
34155,硫酸,干燥,气体
34158,硫酸,有,腐蚀性
34158,皮肤,沾上,硫酸
34159,非金属,发生,化学反应
34163,木炭,发生,反应
34167,现象,称为,钝化
34171,本章,小结,氧气
34182,反应,生成,物质
34196,密度,小于,空气
34199,分子,发生,化学反应
34222,氨水,有,作用
34228,反应,叫做,氧化
34229,化合物,叫做,硫酸铵
34237,实验室,制取,氨气
34244,硝酸,产生,现象
34252,一氧化氮,生成,二氧化氮
34254,硝酸,发生,反应
34255,混合物,叫做,王水
34256,王水,使,金属
34282,实验室,收集,气体
34292,形成,经过,时间
34293,化学反应,具有,速率
34301,化学反应,有,速率
34305,影响,升高,温度
34307,影响,使用,二氧化锰
34309,性质,产生,影响
34313,反应,进行,时间
34313,浓度,发生,变化
34317,条件,发生,变化
34317,化学反应,进行,程度
34318,化学反应,进行,限度
34318,混合物,处于,状态
34319,反应,生成,氢气
34320,平衡,具有,特征
34321,反应,达到,平衡
34323,体系,达到,平衡
34327,过程,叫做,移动
34328,下面,讨论,影响
34329,影响,增大,浓度
34332,影响,生成,四氧化二氮
34335,影响,概括,原理
34337,催化剂,改变,组成
34362,化合物,电离,离子
34363,化合物,属于,电解质
34364,分子,电离,离子
34366,离子,结合,分子
34368,趋向,达到,平衡
34369,过程,达到,状态
34370,分子,发生,电离
34382,有机物,显示,颜色
34408,pH,等于,盐酸
34410,化学反应,有,方法
34411,化学反应,分为,反应
34421,反应,存在,情况
34423,反应,有,参与
34430,物质,叫做,氧化剂
34435,反应,有,变化
34437,下面,说明,步骤
34439,步骤,写出,方程式
34443,反应,分为,类型
34443,化学反应,分为,类型
34444,化学反应,还有,方法
34447,离子,发生,化学反应
34448,符号,表示,反应
34450,物质,写成,形式
34451,方程式,改写,离子
34451,两边,参加,反应
34452,方程式,表示,反应
34454,本质,发生,化学反应
34455,溶液,发生,化学反应
34463,反应,生成,二氧化硫
34463,氧化剂,得,电子
34467,过氧化氢,生成,氧气
34469,氯化铁,加,反应
34476,氢原子,结合,分子
34483,液体,进行,化学反应
34488,金属,失,电子
34492,防护,影响,金属
34495,金属,接触,溶液
34496,非金属,制成,合金
34498,溶液,受到,作用
34499,溶液,生成,氯气
34503,过程,叫做,电解
34504,电流,引起,反应
34511,电镀,使,金属
34516,原理,使,电流
34523,金属,呈,银白色
34524,金属,失去,电子
34526,元素,失去,电子
34544,氢氧化铝,发生,反应
34576,表面,生成,碳酸铜
34585,盐酸,生成,氢气
34594,化合物,指,衍生物
34597,化合物,称为,碳氢化合物
34601,分子,呈,结构
34606,性质,有,差异
34618,一端,作为,起点
34623,烷烃,发生,反应
34626,甲烷,用作,燃料
34632,制法,使,酒精
34633,硫酸,起,作用
34634,实验室,制取,乙烯
34638,乙烯,发生,反应
34640,化合物,结合,分子
34653,乙炔,发生,反应
34658,化合物,属于,芳香烃
34669,反应,具有,性质
34680,甲苯,发生,反应
34699,类型,属于,反应
34707,化合物,叫做,卤代烃
34713,溴乙烷,发生,反应
34714,化合物,脱去,分子
34742,南方,出产,荔枝
34823,动作,指示,方向
34857,文章,说明,环境
34863,秘密,栖息,动物
34886,关系,迷失,方向
34887,眼睛,看,东西
34898,蝙蝠,改变,方向
34905,蝙蝠,有,答案
34908,眼睛,看见,东西
34913,生态系统,提供,条件
34915,化合物,合成,有机物
34918,有机物,变成,身体
34918,尸体,排向,大自然
34920,尸体,分解,化合物
34922,生产者,合成,有机物
34923,生态系统,发生,交流
34931,人类,属于,消费者
34933,生态系统,离不开,作用
34935,关系,漫谈,多样性
34939,物种,顺应,自然
34940,人类,治疗,疾病
34941,材料,来自,资源
34961,系统,保持,稳定
34962,生态系统,产生,后果
34963,年代,发起,运动
34963,我国,发起,运动
34970,人类,尊重,生态平衡
34975,结果,尊重,生态平衡
34977,问题,有,生态平衡
34977,系统,失去,平衡
34977,新生,引起,变化
34980,人类,干预,大自然
34983,食草动物,发展,数量
34983,食草动物,失去,条件
34984,捕杀,控制,数量
34992,环节,出现,问题
34993,动物,发展,数量
34999,动物,专吃,食草动物
34999,数量,增加,速度
35008,祖先,尊为,太阳神
35009,太阳神,称为,阿波罗
35014,地球,进入,大气
35015,太阳,耗尽,能量
35022,人民,景仰,太阳神
35022,太阳,带来,光明
35022,太阳,变成,星云
35026,太阳,到,中年
35029,人类,产生,遥想
35034,结构,分为,地核
35038,地球,围绕,太阳
35053,地球,公转,时间
35075,星座,有,关系
35083,天文学家,定义,单位
35088,恒星,距,太阳
35095,天文学家,有,答案
35103,东西,使,粒子
35122,太阳光,进入,水滴
35123,光线,送入,眼帘
35124,光线,送入,眼里
35146,分子,散射,光线
35166,颜色,说明,关系
35197,凶神恶煞,提供,人类
35215,火山,提供,人类
35217,成因,提供,东西
35230,岛屿,有,现象
35237,附近,没有,现象
35247,遗迹,称为,化石
35248,化石,反映,状况
35250,化石,注解,世界
35254,化石,提供,线索
35255,问题,有,遗体
35255,化石,像,图片
35257,化石,保留,形态
35284,大洋,有,系统
35290,透明度,受,影响
35305,位置,占,数量
35305,海藻,蕴藏,能源
35317,能源,吸引,兴趣
35324,问题,有,能源
35325,人类,利用,资源
35335,年代,提出,假设
35335,牛顿,提出,假设
35337,海水,受到,吸引力
35346,地球,运动,月球
35346,太阳,运动,地球
35346,现象,发生,月球
35351,发生,具有,周期性
35375,起点,包括,方面
35376,人类,排泄,废弃物
35379,结果,称为,GDP
35388,指标,考虑,计算
35388,成本,保护,环境
35388,自然灾害,保护,环境
35396,人类,适应,状态
35396,活动,引起,变化
35397,现象,称为,温室效应
35398,温室效应,改变,环境
35417,现象,称为,事件
35420,发生,有,意义
35420,监测,成为,内容
35430,现象,没有,关系
35438,体内,含有,有机物
35440,植物,有,效果
35441,植物,有,作用
35441,柠檬,具有,作用
35458,一半,来自,蒙古国
35475,治沙,有,管理
35475,治沙,靠,管理
35475,治沙,靠,科技
35479,动物,移植,基因
35480,人类,进行,改造
35481,基因,来自,生物
35486,发展,危及,环境
35496,问题,有,西红柿
35496,问题,有,基因
35496,前者,进行,实验
35496,光,污染,污染
35497,污染,危及,环境
35507,光亮,污染,环境
35509,光,使,温度
35510,眼睛,受到,刺激
35513,光,污染,舞厅
35526,白亮,污染,人工
35526,人类,开始,时代
35536,燃烧,使,尘埃
35537,人类,遭受,灾难
35541,地方,使用,石油
35546,人类,产生,烟火
35556,性能,优于,材料
35560,技术,超过,工业
35560,应用,超过,工业
35574,材料,使用,技术
35576,强度,不如,材料
35597,思想,受,影响
35597,科学家,开始,实验
35598,克隆人,使,人物
35609,消声,发明,技术
35629,限定,产生,影响
35633,百分之百,替代,后者
35641,限定,有,影响
35646,四合院,喜爱,形式
35646,中国人,喜爱,形式
35646,民居,使用,四合院
35656,四合院,作为,形式
35663,民居,使用,形式
35664,庙宇,采用,形式
35667,产生,有,关系
35685,论断,引向,形式
35685,目光,引向,形式
35688,窑洞,分布,建筑群
35696,问题,有,分类
35699,人类,建造,窑洞
35702,先民,创造,吊脚楼
35706,住宅,称为,吊脚楼
35715,下层,设,作用
35718,土家族,使用,吊脚楼
35730,简谱,得到,发展
35746,世纪末,加,线
35763,婴儿,产生,反应
35764,松尔曼,进行,研究
35776,人类,认识,作用
35777,音乐,治疗,疾病
35791,音乐,调节,速度
35792,治疗,针对,系统
35795,音乐,有,作用
35797,人类,有,语言
35838,问题,有,语言
35838,问题,有,交流
35842,文字,叫做,盲文
35844,路易布莱叶,创造,文字
35849,布莱叶,琢磨,问题
35878,人类,传递,信息
35901,问题,有,重要性
35901,文章,有,答案
35935,季节,转换,时节
35941,气候,发生,疾病
35956,食品,富含,物质
35973,问题,有,作用
35975,物质,消除,疲劳
35978,物质,补充,营养
35988,作用,远胜于,瓜瓤
36001,绿色植物,具有,作用
36007,条件,影响,发生
36064,纯净水,溶解,物质
36077,成分,发生,化学反应
36083,酒精,毒害,神经系统
36085,含量,达到,程度
36087,茶叶,还有,作用
36090,乌龙茶,有,作用
36128,水果,采用,化学激素
36156,化学变化,有,过程
36163,石灰水,通入,汽油
36165,过程,生成,物质
36169,下列,属于,化学变化
36178,下列,属于,混合物
36187,下列,属于,变化
36189,前者,属于,变化
36189,后者,属于,化学性质
36215,实验室,制取,氢气
36232,实验室,发生,反应
36262,原子,组成,氧气
36267,实验室,制备,二氧化碳
36273,二氧化碳,还原,一氧化碳
36281,碳酸,让,石蕊
36283,二氧化碳,通入,石灰水
36284,实验室,制取,方法
36286,实验室,鉴别,二氧化碳
36297,实验室,制取,二氧化碳
36299,实验室,检验,二氧化碳
36305,二氧化碳,用于,灭火
36312,氧气,生成,二氧化碳
36315,瓶中,装有,二氧化碳
36317,二氧化碳,溶于,实验室
36320,二氧化碳,还原,氧化铜
36325,一氧化碳,发生,反应
36327,一氧化碳,溶于,二氧化碳
36327,二氧化碳,造成,温室效应
36328,气泡,产生,反应
36329,一氧化碳,具有,氧化性
36368,物质,属于,氧化物
36370,氧化铜,属于,氧化物
36373,二氧化碳,属于,分子
36373,氢气,属于,分子
36373,氧气,属于,分子
36396,选项,计算,质量
36430,下图,表示,过程
36434,方程式,表示,式子
36436,反应,生成,种类
36443,质量,等于,总和
36447,符号,用,表示
36450,高锰酸钾,生成,氧气
36455,化学反应,发生,反应
36456,物质,生成,氧气
36457,元素,还原,氧化铜
36463,性质,呈现,规律
36486,元素,位于,序数
36495,形状,发生,变化
36504,元素,在,周期
36512,离子,回答,问题
36519,下列,得,电子
36537,化工厂,需要,氧气
36545,氢氧化钠,属于,固体
36546,氢氧化钠,有,通性
36548,氧气,生成,氧化钠
36552,碳酸氢钠,生成,性质
36555,反应,生成,碳酸钠
36558,物质,使,溶液
36561,氧气,生成,过氧化钠
36561,用途,属于,性质
36567,二氧化碳,发生,化合
36567,二氧化碳,发生,置换
36570,反应,生成,氯化钙
36574,化学性质,发生,反应
36576,金属,呈现,黄色
36598,反应,生成,氯化钠
36604,气体,发生,反应
36604,氢氧化钠,干燥,二氧化碳
36615,二氧化碳,加入,煤油
36625,火焰,有,过氧化钠
36639,溶剂,溶解,物质
36644,质量,溶解,分数
36644,质量,溶解,公式
36646,溶解,得到,溶液
36646,成分,包括,部分
36648,溶液,没有,联系
36662,形成,叫作,溶液
36662,混合物,叫作,溶液
36670,氢氧化钠,溶于,温度
36676,变化,属于,化学变化
36679,硫酸,放入,水中
36706,摩尔,计量,单位
36714,框架,梳理,关系
36734,二氧化硫,含有,原子
36734,三氧化硫,含有,原子
36781,实验室,配制,溶液
36810,实验室,取,固体
36812,实验室,制取,氯气
36829,实验室,制备,氯气
36830,溶液,发生,反应
36830,光,发生,分解
36831,过氧化钠,见,光
36831,次氯酸,分解,氧气
36836,同学,制取,氯气
36838,二氧化锰,生成,氯气
36838,二氧化锰,发生,反应
36839,二氧化锰,生成,氯化锰
36847,布条,看,现象
36851,氯化钠,有着,作用
36862,实验室,制备,氢气
36869,盐酸,具有,通性
36883,反应,生成,沉淀
36884,半径,大,氟化氢
36886,离子,发生,反应
36886,氯气,通入,溶液
36898,氧气,生成,氢气
36899,溶液,通入,氯气
36907,氯气,溶于,次氯酸
36914,硫酸,具有,吸水性
36920,水中,含有,粒子
36936,氯气,通入,洞中
36941,盐酸,具有,挥发性
36941,下列,属于,反应
36942,氧气,加入,溶液
36945,反应,得到,沉淀
36968,反应,发生,变化
36972,元素,位于,周期
36973,连二亚硫酸钠,用于,漂白
36977,氧化剂,得到,电子
36977,氧化剂,得到,偏向
36985,过氧化钠,发生,变化
36986,过氧化钠,失去,电子
36993,反应,生成,一氧化碳
37009,过氧化氢,做,氧化剂
37010,二氧化锰,加热,氯气
37012,二氧化锰,做,氧化剂
37021,硫酸,制备,氢气
37022,盐酸,制备,二氧化碳
37027,碳酸氢钠,加热,二氧化碳
37035,硫酸,制取,氢气
37035,反应,发生,改变
37048,氧气,点燃,二氧化硫
37050,氧气,电击,一氧化氮
37050,高压,电击,一氧化氮
37050,氧气,电击,臭氧
37054,氧气,点燃,过氧化钠
37063,实验室,收集,氧气
37065,二氧化锰,做,催化剂
37067,过氧化氢,制取,二氧化锰
37069,氧气,供给,动植物
37069,氧气,支持,燃烧
37070,实验室,加入,二氧化锰
37071,实验室,加热,氯酸钾
37071,氯酸钾,分解,氧气
37073,臭氧,属于,元素
37087,二氧化硫,有,漂白性
37100,二氧化硫,具有,漂白性
37100,二氧化硫,属于,物质
37100,硫酸,使,溶液
37100,硫酸,属于,物质
37110,物质,具有,漂白性
37114,二氧化碳,溶于,氯气
37114,三氧化硫,溶于,化学反应
37115,火焰,呈,反应
37129,硫酸,发生,化学反应
37133,实验室,检验,离子
37137,反应,生成,气体
37139,硫酸,用来,氢气
37139,硫酸,滴到,纸上
37152,硫酸,具有,腐蚀性
37153,苏打,使,物质
37164,KClO₃,产生,氧气
37169,硫化亚铁,参与,反应
37169,盐酸,参与,反应
37189,氢氧化钠,反应,红热
37191,硫酸,滴入,硫酸铜
37198,二氧化硫,通入,水中
37214,工业,利用,反应
37230,下列,属于,氮气
37230,下列,属于,用途
37249,实验室,制备,方法
37254,实验室,制备,氨气
37261,氨气,发生,反应
37267,下列,属于,气体
37269,实验室,收集,氨气
37285,硝酸,具有,挥发性
37287,金属,发生,现象
37316,氨气,溶于,二氧化碳
37318,氨气,氧化,一氧化氮
37318,二氧化碳,生成,硝酸
37320,SO₂,发生,反应
37320,O₂,发生,反应
37322,碳酸,解离,H⁺
37322,碳酸,显,酸性
37324,硝酸,见,光
37327,密度,收集,气体
37335,氮气,反应,二氧化碳
37337,反应,产生,氨气
37340,反应,生成,一氧化氮
37346,硝酸,表现,酸性
37349,反应,产生,白烟
37383,速率,减慢,温度
37388,反应,进行,程度
37391,平衡,影响,因素
37391,浓度,增大,反应
37397,建立,需要,条件
37411,平衡,进行,反应
37413,温度,使,平衡
37416,压强,影响,平衡
37417,反应,使,平衡
37417,加压,使,平衡
37417,温度,改变,平衡
37417,催化剂,影响,平衡
37418,温度,使,反应
37418,加压,使,反应
37424,加压,使,化学反应
37424,降温,使,化学反应
37425,加压,影响,化学平衡
37426,降温,使,平衡
37426,减压,使,平衡
37427,选项,升高,温度
37428,催化剂,有,关系
37455,压强,增大,浓度
37469,化合物,叫作,电解质
37479,二氧化碳,生成,碳酸
37486,物质,属于,电解质
37487,下列,属于,电解质
37512,反应,叫作,水解
37513,结果,使得,溶液
37515,类型,示,酸盐
37515,物质,发生,水解
37564,反应,有,电子
37568,化学反应,有无,反应
37572,反应,生成,硫酸铁
37584,条件,生成,沉淀
37592,意义,表示,反应
37593,守恒,符合,事实
37593,守恒,符合,依据
37609,硫酸,加入,过量
37609,硫酸,加入,溶液
37628,工业,制取,碳酸钠
37628,工业,制取,Na₂CO₃+H₂O+CO₂↑
37641,反应,放到,水中
37642,种类,保持,物质
37664,硝酸,发生,钝化
37664,硫酸,发生,钝化
37682,元素,形成,四氧化三铁
37686,亚铁盐,遇到,氧化剂
37693,反应,变为,血红色
37695,方程式,书写,错误
37706,沉淀,加入,硫酸
37716,框架,梳理,性质
37726,生成,属于,反应
37744,盐酸,反应,FeCl₂
37764,氢氧化铝,溶于,氨水
37774,反应,设计,电池
37777,腐蚀,构成,现象
37777,物质,构成,电池
37777,物质,构成,现象
37780,电解,使,电流
37784,阳极,连接,金属
37786,反应,失去,负极
37786,反应,失去,电子
37786,反应,得到,电子
37791,阳极,发生,反应
37795,反应,做,负极
37797,离子,变为,氯气
37799,电子,发生,反应
37799,阴极,发生,反应
37799,电极,产生,氢氧化钠
37803,硫酸,制,O₂
37809,电流,流向,电子
37810,装置,转化,化学
37810,电能,转化,化学
37810,硫酸,换成,乙醇
37838,通式,代表,物质
37839,反应,使,溶液
37840,炔烃,发生,反应
37842,烯烃,发生,反应
37844,原子,在,平面
37846,密度,接近,乙炔
37846,空气,接近,乙炔
37848,物质,使,溴水
37852,化学性质,有,毒性
37857,化学性质,取代,反应
37859,化学性质,使,溶液
37877,反应,属于,化学反应
37879,反应,产生,氯化氢
37885,命名,符合,原则
37885,命名,出现,乙基
37888,甲烷,发生,反应
37891,分子,具有,结构
37891,丙烷,发生,反应
37903,硫酸,使得,硝酸
37903,后者,发生,反应
37907,分子,失去,氢原子
37918,有机物,属于,烃炔
37934,化合物,使,溶液
37951,化学性质,消去,反应
37954,硝基苯,属于,化合物
37957,卤代烃,发生,反应
37967,乙醇,又称,酒精
37973,分子,组成,乙醇
37982,过程,属于,反应
37994,反应,检验,苯酚
38002,苯酚,发生,反应
38019,下列,用于,实验室
38026,化合物,称为,羧酸
38028,酸性,发生,反应
38035,乙酸,发生,反应
38037,醋酸,发生,反应
38045,性质,属于,共性
38050,过程,发生,反应
38050,反应,生成,乙烯
38051,溴丙烷,发生,反应
38055,氢原子,发生,反应
38063,酸性,大于,碳酸
38065,乙醛,发生,反应
38067,反应,引入,羟基
38081,空气,氧化,乙醛
38088,反应,制,氯乙烯
38092,溶液,加热,氢氧化钠
38094,乙醇,溶,比例
38101,乙醇,发生,反应
38114,果糖,代表,分子式
38114,麦芽糖,代表,分子式
38114,麦芽糖,代表,反应
38124,葡萄糖,发生,反应
38126,下列,属于,物质
38137,性质,溶于,冷水
38138,反应,生产,乙醇
38140,淀粉,属于,化合物
38145,乙酸,有,化学
38145,生活,有,化学
38148,能量,来自,糖类
38148,物质,提供,能量
38152,葡萄糖,表示,组成
38152,蔗糖,发生,反应
38155,纤维素,发生,反应
38161,框架,梳理,元素
38161,化学性质,加,反应
38162,植物油,兼有,性质
38162,水解,叫,反应
38164,元素,组成,油脂
38164,油脂,发生,反应
38182,反应,水解,氨基酸
38184,反应,产生,沉淀
38186,条件,使,蛋白质
38192,分子,含有,元素
38196,措施,起到,作用
38201,醛基,发生,反应
38201,葡萄糖,含有,元素
38205,纤维素,属于,化合物
38216,硝酸,变,蛋白质
38220,成分,属于,有机物
38222,分子,含有,肽链
38222,分子,含有,油脂
38224,油脂,属于,物质
38228,溶液,遇,硝酸
38237,变化,发生,改变
38274,质量,比较,所得
38281,质量,指,数值
38310,知识,表示,组成
38315,式子,表明,条件
38340,元素,标,字母
38352,元素,属于,周期
38380,效应,形成,现象
38382,运动,观察,胶体
38382,粒子,做,运动
38383,粒子,做,现象
38385,粒子,带有,电荷
38385,粒子,带,电荷
38389,粒子,叫做,常数
38402,速率,存在,关系
38402,速率,存在,程度
38405,影响,增大,速率
38406,影响,增大,压强
38411,建立,发生,变化
38423,压强,破坏,状态
38462,反应热,发生,变化
38463,反应热,恢复,压力
38463,反应热,恢复,热量
38463,压力,恢复,热量
38464,单位,采用,mol
38499,阳极,采用,金属
38500,晶体,有,特征
38504,晶胞,表现,部分
38505,概念,统称,晶体
38506,化合物,均为,晶体
38508,晶体,具有,沸点
38532,氧气,使,木条
38577,知识,排除,空气
38578,氧气,氧化,氧化铜
38598,盐类,发生,反应
38605,反应,呈现,颜色
38605,化合物,呈现,颜色
38629,里面,含有,分子
38629,里面,含有,化合物
38631,盐酸,生成,白雾
38634,实验室,利用,反应
38646,高温,发生,反应
38677,硫酸,脱去,元素
38718,氨气,进入,空气
38719,知识,有,作用
38721,化合物,叫做,铵盐
38726,反应,产生,NH3
38728,知识,利用,性质
38734,硝酸,具有,特性
38740,反应,生成,NO2
38740,反应,生成,NO
38740,NO,生成,NO2
38744,硝酸,叫做,王水
38765,二氧化硅,制作,光导纤维
38809,转化,氧化,Fe3+
38812,薄膜,阻止,金属
38818,金属,受,腐蚀
38830,硝酸,还原,氧化物
38831,反应,生成,棕色
38831,反应,生成,无色
38941,甲烷,用做,燃料
38944,分解,生成,氢气
38954,知识,起,作用
38962,表中,列出,性质
39009,反应,生成,溴化氢
39020,乙醇,俗称,酒精
39028,丙三醇,具有,作用
39032,小部分,发生,氧化
39037,反应,生成,苯酚
39074,糖类,俗称,碳水化合物
39076,化合物,符合,通式
39086,知识,进行,反应
39086,葡萄糖,进行,反应
39093,葡萄糖,受到,作用
39105,化学性质,兼有,反应
39105,油脂,兼有,化学性质
39105,油脂,兼有,反应
39106,反应,叫做,氢化
39118,蛋白质,受到,影响
39118,现象,称为,变性
39125,蛋白酶,催化,反应
39131,天然橡胶,属于,材料
39140,物质,叫做,单体
39142,特点,分为,结构
39142,高分子结构,分为,结构
39147,作用,使,化合物
39150,材料,分为,塑料
39151,涂料,属于,材料
39155,合成纤维,统称,化学纤维
39156,合成纤维,具有,性能
39163,橡胶,分为,合成橡胶
39196,温度计,测量,温度
39197,砝码,称量,质量
39198,右边,放,砝码
39205,光,分解,氢氧化钠
39205,试纸,检验,物质
39205,试纸,检验,混合物
39205,试纸,检验,氯气
39214,反应,制备,气体
39214,氢气,排,空气
39214,氧化氮,排,空气
39216,分数,存在,关系
39233,计算,得到,固体
39243,计算,溶于,水中
39247,浓度,表示,组成
39250,分析,计算,质量
39258,反应,制备,氢气
39290,图示,表示,要素
39291,直线,叫,线
39295,箭头,表示,方向
39296,表示,叫,示意图
39297,分类,分,阻力
39304,重力,受到,作用
39311,改变,叫作,形变
39316,方向,发生,形变
39317,物体,有,作用
39322,大小,遵守,定律
39324,摩擦力,给,物体
39329,物体,受到,拉力
39330,摩擦力,推,箱子
39338,摩擦力,小结,条件
39346,合力,叫,合成
39349,合成,满足,法则
39350,长度,代表,大小
39352,分析,依据,关系
39354,分力,叫,分解
39359,物体,受,拉力
39360,水平,拉,物体
39363,重力,产生,效果
39370,行驶,称为,运动
39375,路线,叫作,轨迹
39379,运动,相对于,物体
39382,选择,具有,意义
39398,速度,描述,快慢
39399,物体,通过,位移
39403,汽车,做,运动
39417,面积,代表,大小
39419,物体,经历,过程
39424,速度,改变,快慢
39443,物体,到达,地面
39444,运动,发生,位移
39459,比值,代表,大小
39465,比值,叫,速度
39469,物体,运动,时间
39469,速度,回到,方向
39470,物体,称为,周期
39470,时间,称为,周期
39472,倒数,叫,频率
39475,关系,描述,快慢
39488,向心力,指向,圆心
39489,效果,改变,方向
39490,加速度,做,运动
39491,定律,学习,问题
39491,内容,叫作,力学
39492,内容,属于,运动学
39493,内容,属于,动力学
39502,问题,进行,研究
39507,伽利略,提出,看法
39507,物体,具有,速度
39507,物体,具有,原因
39509,伽利略,设计,实验
39509,下面,利用,实验
39519,笛卡尔,做,描述
39520,牛顿,回答,问题
39521,定律,总结,经验
39521,牛顿,总结,经验
39522,性质,叫,惯性
39525,改变,需要,外力
39527,方向,保持,不变
39528,速度,发生,变化
39531,性质,保持,状态
39540,关系,看,实验
39550,定律,综合,关系
39565,物理学家,引入,概念
39567,物体,获得,时间
39567,物体,获得,速度
39574,动量,有,大小
39595,物体,受,合力
39605,定律,有,作用力
39605,物体,称为,系统
39605,作用力,称为,外力
39606,小球,受到,外力
39607,定律,受,外力
39614,自然界,存在,核能
39625,物体,发生,位移
39636,重力,促使,物体
39654,弹簧,具有,能量
39659,能量,发生,转化
39666,功率,表示,快慢
39668,能量,叫作,动能
39673,外力,使,物体
39676,物体,获得,动能
39678,做功,使,物体
39681,水平面,存在,摩擦力
39681,速度,达到,v₂
39686,结果,导致,变化
39687,定理,等于,变化
39691,题中,知道,质量
39692,动能,等于,质量
39694,能量,叫作,势能
39695,势能,有,关系
39701,势能,等于,乘积
39704,物体,具有,mgh
39710,关系,来看,特点
39711,势能,增加,mgh
39711,势能,减少,mgh
39714,Ep1,表示,势能
39721,下面,来看,例子
39730,结论,叫作,定律
39732,应用,解决,问题
39737,小球,具有,势能
39742,自然界,存在,电荷
39744,现象,叫作,中和
39747,物体,失去,电子
39749,摩擦,使,物体
39755,电荷,移,导体
39755,现象,叫作,感应
39776,定律,写成,公式
39780,分析,设,作用力
39780,分析,设,方法
39780,计算,分,情况
39781,计算,渗透,思想
39796,强度,经过,研究
39811,比值,叫作,强度
39826,电荷,在,中间
39829,曲线,叫作,线
39850,电子,受到,作用
39862,现象,叫作,屏蔽
39889,电荷,有,势能
39892,物体,举高,重力
39892,物体,举高,做功
39912,线,等于,乘积
39913,上述,改写,等式
39924,中间,夹上,物质
39926,导体,看作,电容器
39934,带电量,指,绝对值
39937,比值,叫作,电容
39951,移动,形成,电流
39954,下面,分析,条件
39956,电荷,发生,运动
39957,电荷,加上,电压
39957,两端,加上,电压
39968,强度,简称,电流
39975,电流,叫作,直流电
39976,直流,指,电流
39988,单位,还有,MΩ
39992,电流,变为,I₂
40003,系数,有,定律
40003,系数,有,关系
40014,电流,通过,电路
40026,动能,传给,离子
40030,表达式,写成,关系
40042,电流,流过,电阻
40043,电流,通过,电阻
40047,电阻,分担,电压
40058,电阻,分担,电流
40063,关系,写成,R₁
40075,电源,接入,电路
40082,电路,有,电阻
40083,电流,流向,一端
40096,直线,趋,水平
40102,现象,有着,联系
40111,磁场,有,作用
40113,奥斯特,做,实验
40115,电流,产生,磁场
40117,实验,回答,问题
40118,导线,发生,运动
40119,磁场,产生,作用
40120,实验,产生,磁场
40120,作用,产生,磁场
40120,磁场,有力,作用
40131,方向,利用,线
40142,定律,握住,导线
40150,方向,指向,北极
40167,定则,有,方向性
40167,磁场,有,方向性
40170,电场,有,作用
40180,导线,摆动,角度
40192,导线,叫作,强度
40205,上面,定义,大小
40205,磁场,具有,方向性
40206,矢量,反映,方向
40207,程度,表示,大小
40221,线,穿,手心
40222,强度,小结,导线
40222,强度,小结,比值
40243,电荷,受,作用
40245,带电粒子,进入,磁场
40248,电流,产生,效应
40255,面积,做,投影
40260,法拉第,揭示,问题
40262,实验,发生,偏转
40267,导体,切割,磁感线
40268,磁体,发生,运动
40272,电流,达到,稳定
40276,断开,控制,变化
40279,现象,叫,感应
40281,夹角,发生,变化
40289,导体,相当于,电源
40300,下面,推导,导体
40312,指针,有,时间
40320,电流,阻碍,增加
40320,电流,阻碍,减少
40321,磁场,阻碍,变化
40322,楞次,概括,结果
40322,电流,具有,方向
40333,前面,学习,运动
40334,运动,挂,小球
40335,运动,叫作,振动
40339,一端,连,物体
40343,振子,重复,运动
40352,振动,叫作,运动
40354,物体,偏离,位置
40356,运动,具有,特点
40360,物体,离开,位置
40362,运动,具有,周期性
40365,物体,完成,振动
40365,时间,叫作,周期
40385,物体,离开,距离
40402,周期,有,关系
40414,物质,叫作,介质
40438,波,传播,距离
40438,波,具有,周期性
40439,波,叫作,谐波
40446,时刻,偏离,位置
40452,波长,用,表示
40475,位置,在,原点
40487,现象,叫作,热现象
40488,大小,探索,秘密
40491,原子能,结合,分子
40493,微粒,做,运动
40498,分子,视为,小球
40498,体积,小于,空间
40499,空间,看作,立方体
40501,气体,充满,空间
40504,温度,表示,程度
40508,分子,停止,运动
40509,体积,充满,容器
40509,体积,等于,容积
40513,变化,遵循,规律
40514,方程,假设,气体
40519,变化,遵守,规律
40546,体积,变,气体
40554,眼睛,接受,光
40561,线,叫作,光线
40566,同时,有,现象
40585,光,传播,界面
40585,光线,发生,现象
40589,光线,射入,介质
40591,介质,射到,空气
40591,光,进入,介质
40596,定律,反射,光线
40598,下列,反映,光线
40600,光线,进入,物质
40631,物体,受到,阻力
40650,物体,产生,方面
40650,弹力,产生,条件
40661,物体,失去,质量
40663,篮球,受到,作用
40664,运动员,举起,物体
40678,橡皮筋,发生,形变
40682,弹簧,挂,物体
40684,合成,受到,作用
40687,分解,求,合成
40716,重力,分解,Fy
40726,弹簧,伸长,物体
40757,压力,等于,物体
40757,重力,等于,物体
40767,物体,受到,阻碍
40781,直线,运动,运动
40790,列车,做,运动
40794,图像,求,路程
40798,面积,等于,位移
40803,方向,做,运动
40807,速度,填,变化
40807,速度,填,不变
40808,过程,简化,运动
40809,航天飞机,做,运动
40813,猎豹,做,运动
40822,时间,算出,位移
40842,关系,做,运动
40851,物体,相对于,静止
40859,向心力,受到,作用
40863,物体,指向,终点
40872,规律,没有,关系
40872,加速度,没有,关系
40873,瞬时,指,速度
40879,物体,走过,路程
40880,赛车,做,运动
40887,汽车,距离,线
40902,物体,做,加速度
40905,小球,在,速度
40918,规律,受,作用
40918,外力,维持,木块
40920,改变,有关,定律
40925,加速度,提供,外力
40933,物体,受到,加速度
40949,汽车,有,惯性
40953,内容,保持,状态
40953,物体,有,公式
40953,知识,归纳,定律
40993,方向,受到,拉力
41006,物体,具有,动量
41012,方向,相反,/s
41012,方向,相同,/s
41012,大小,变为,/s
41051,内容,叫,公式
41051,方向,叫作,公式
41064,汽车,停止,运动
41113,卡车,做,运动
41113,卡车,受到,重力
41113,货物,受到,重力
41125,公式,做,运动
41147,物体,参考,平面
41147,高度,参考,平面
41149,物体,落,地面
41173,势能,增加,总量
41179,飞船,搭乘,火箭
41179,飞船,搭乘,汽车
41183,过程,简化,阶段
41191,概念,等于,作用
41203,运动,发生,变化
41203,动能,发生,变化
41218,运动员,受到,作用
41218,过程,受到,作用
41225,物件,克服,摩擦力
41225,物件,克服,做功
41238,物体,上升,位置
41245,机械,守恒,物体
41245,物体,滑到,底端
41268,定律,存在,电荷
41285,导体,接触,一会儿
41289,半径,小于,距离
41305,方向,相同,EB
41321,区域,受,影响
41342,虚线,表示,线
41359,疏密,表示,大小
41373,作用力,满足,定律
41380,水平,带,负电
41380,电,保持,水平
41417,电流,叫作,强度
41420,电荷,发生,做功
41435,导体,没有,电阻
41465,灯泡,变,电压
41490,灯泡,并联,电阻
41491,电压,小于,电阻
41497,并联,接入,电路
41503,下列,表示,强度
41509,导体,受,作用
41511,导线,通过,电流
41529,方向,伸开,左手
41530,电粒子,受,作用
41531,粒子,受到,作用
41532,产生,产生,线
41532,产生,产生,方向
41532,产生,产生,作用
41532,产生,产生,大小
41532,电流,产生,线
41532,电流,产生,方向
41532,电流,产生,作用
41532,电流,产生,大小
41532,导线,产生,线
41532,导线,产生,方向
41532,导线,产生,作用
41532,导线,产生,大小
41532,比值,叫作,公式
41532,特斯拉,简称,方向
41532,特斯拉,简称,单位
41558,时间,切割,线
41558,导体,切割,线
41563,导线,切割,线
41595,定律,具有,方向
41596,定则,伸出,右手
41597,老师,做,实验
41601,轴线,穿过,圆心
41606,圆环,小于,重力
41606,压力,小于,重力
41642,波,叫作,横波
41656,波,叫作,特征
41673,基础,检测,距离
41701,压强,变为,2p
41706,压强,发生,变化
41714,压强,变为,Pa
41716,意义,表示,程度
41716,宏观,表示,程度
41746,反射,发生,现象
41750,光,传播,成像
41763,传播,成像,光速
41763,光线,位于,定律
41763,光,射入,玻璃
41765,光线,射入,空气
41765,光线,射入,水中
41812,弹力,遵守,定律
41812,系数,取决于,结构
41830,内容,叫作,运动学
41852,路程,指,长度
41854,大小,称为,速率
41854,大小,称为,质量
41855,位移,表示,方向
41856,速度,描述,状态
41856,矢量,描述,方向
41863,加速度,常用,分量
41869,运动,叫作,分解
41870,速度,化为,分量
41874,方向,叫作,运动
41874,位置,计算,轨道
41876,方向,称为,切向
41878,速率,称为,速度
41889,状态,保持,不变
41904,物体,属于,系统
41909,加速度,分为,分量
41909,加速度,分为,变化
41909,切向,描述,加速度
41910,对象,选出,物体
41913,方程,研究,关系
41931,定律,使用,分量式
41931,物体,受,外力
41952,变化,称为,增量
42003,势能,确定,位置
42006,电荷,移到,中点
42024,过程,叫,放电
42067,线,指向,南极
42068,密度,表示,强弱
42072,定则,伸出,左手
42081,强度,发生,变化
42082,情况,引起,变化
42087,步骤,明确,方向
42136,棱镜,改变,方向
42140,侧面,磨成,平面
42143,两面,有,交点
42148,交点,叫,焦点
42161,指向,保持,平行
42173,记忆,参照,定律
42176,数字,组成,集合
42204,整数,叫做,偶数
42204,整数,叫做,奇数
42245,等式,改变,符号
42252,定理,具有,性质
42252,数量,含有,未知数
42267,一个,叫做,命题
42269,形式,表示,结论
42269,命题,表示,形式
42295,一个,叫做,量词
42299,命题,有,成立
42305,关系,叫做,集合
42305,关系,叫做,映射
42306,元素,叫做,原象
42347,定义,称为,函数
42374,概念,称为,函数
42376,性质,研究,情况
42389,性质,看,图像
42394,性质,没有,对数
42394,性质,没有,等式
42395,定义,叫做,函数
42418,射线,做,旋转
42424,弧度,做,单位
42443,计算,指出,符号
42459,正数,叫做,周期
42462,图像,称为,曲线
42606,公式,使用,计算器
42616,锐角,满足,条件
42622,前项,等于,倒数
42622,绝对值,等于,倒数
42627,数列,满足,常数
42627,定义,叫做,数列
42648,公式,设,数列
42649,数列,看做,乘积
42661,数列,以为,极限
42703,终点,表示,复数
42715,问题,总结,原理
42719,问题,总结为,原理
42720,原理,分成,步骤
42763,偶数,取,数字
42782,女生,排,位置
