entity,tier,ahp_weight
范围,0,0.0
助理,0,0.0
主任,0,0.0
项目,0,0.0
设计,0,0.0
软件,0,0.0
环境,0,0.0
总监,0,0.0
事物,0,0.0
会议,0,0.0
边坡,0,0.0
队长,0,0.0
环节,0,0.0
发展,0,0.0
技术,0,0.0
例会,0,0.0
人员,0,0.0
材料,0,0.0
凡事,0,0.0
命运,0,0.0
周成,0,0.0
文件,0,0.0
问题,0,0.0
谈判,0,0.0
条件,0,0.0
单位,0,0.0
员工,0,0.0
关键,0,0.0
质量,2,0.12
用户,0,0.0
资料,0,0.0
时间,0,0.0
诉求,0,0.0
阶段,0,0.0
句子,0,0.0
系统,0,0.0
管理,0,0.0
工程,0,0.0
父母,0,0.0
内容,0,0.0
手机,0,0.0
二氧化碳,0,0.0
身体,0,0.0
北方,0,0.0
阿尔玛,0,0.0
爸爸,0,0.0
现象,0,0.0
水蒸气,0,0.0
练习,0,0.0
快慢,0,0.0
形容词,0,0.0
浮力,0,0.0
铁块,0,0.0
物体,0,0.0
太阳光,0,0.0
周围,0,0.0
空气,0,0.0
身上,0,0.0
里边,0,0.0
大气,0,0.0
科学家,0,0.0
说明,0,0.0
词语,0,0.0
蜂巢,0,0.0
蜜蜂,0,0.0
重量,0,0.0
温度,0,0.0
人口,0,0.0
物质,0,0.0
东西,0,0.0
介词,0,0.0
分子,1,0.15
原子,1,0.18
速度,3,0.07
之间,0,0.0
语法,0,0.0
词组,0,0.0
变化,0,0.0
形态,0,0.0
氧气,0,0.0
压强,0,0.0
回音壁,0,0.0
容器,0,0.0
时候,0,0.0
把儿,0,0.0
磁性,0,0.0
鱼头,0,0.0
指南针,0,0.0
南极,0,0.0
北极,0,0.0
一头,0,0.0
磁石,0,0.0
方向,0,0.0
重力,3,0.05
地球,0,0.0
万有引力,0,0.0
定律,0,0.0
势能,0,0.0
中国人,0,0.0
引力,0,0.0
地球卫星,0,0.0
人造卫星,0,0.0
气象卫星,0,0.0
卫星,0,0.0
侦察卫星,0,0.0
人类,0,0.0
海水,0,0.0
液体,0,0.0
太阳,0,0.0
压缩,0,0.0
飞行,0,0.0
状态,0,0.0
非金属,0,0.0
金属,0,0.0
命名,0,0.0
名称,0,0.0
元素,2,0.08
电流,0,0.0
膨胀,0,0.0
结构,0,0.0
温度计,0,0.0
仪器,0,0.0
硫酸,0,0.0
蜂窝,0,0.0
形式,0,0.0
关系,0,0.0
通信,0,0.0
雷达,0,0.0
光线,0,0.0
影像,0,0.0
能量,3,0.03
程度,0,0.0
内部,0,0.0
石墨,0,0.0
中国,0,0.0
人造地球卫星,0,0.0
合金,0,0.0
太空,0,0.0
酒精,0,0.0
机能,0,0.0
导体,0,0.0
电阻,0,0.0
输电线,0,0.0
电线,0,0.0
超导体,0,0.0
制造厂,0,0.0
小鸟,0,0.0
红外线,0,0.0
外侧,0,0.0
常用,0,0.0
臭氧层,0,0.0
紫外线,0,0.0
玻璃,0,0.0
房主,0,0.0
计算机,0,0.0
大部分,0,0.0
后面,0,0.0
目镜,0,0.0
光,0,0.0
显微镜,0,0.0
电视机,0,0.0
小数,0,0.0
理论,0,0.0
学派,0,0.0
后人,0,0.0
无理数,0,0.0
荧光粉,0,0.0
宇宙飞船,0,0.0
飞船,0,0.0
各国,0,0.0
台灯,0,0.0
调节器,0,0.0
核能,0,0.0
核燃料,0,0.0
列车,0,0.0
含量,0,0.0
气体,0,0.0
彗星,0,0.0
颗粒,0,0.0
形状,0,0.0
动物,0,0.0
对称,0,0.0
方程,0,0.0
式子,0,0.0
等式,0,0.0
动点,0,0.0
圆心,0,0.0
曲线,0,0.0
坐标,0,0.0
直线,0,0.0
四边形,0,0.0
线段,0,0.0
OA,0,0.0
端点,0,0.0
转化,0,0.0
作用,0,0.0
表面,0,0.0
周长,0,0.0
实验室,0,0.0
步骤,0,0.0
顺序,0,0.0
牛顿,0,0.0
氯酸钾,0,0.0
月球,0,0.0
位置,0,0.0
静止,0,0.0
性质,0,0.0
惯性,0,0.0
炮弹,0,0.0
领域,0,0.0
火箭,0,0.0
外力,0,0.0
运动,0,0.0
数学,0,0.0
自然科学,0,0.0
比值,0,0.0
加速度,2,0.1
作用力,0,0.0
二氧化锰,0,0.0
m1,0,0.0
伦琴,0,0.0
射线,0,0.0
定语,0,0.0
化合物,0,0.0
强度,0,0.0
设备,0,0.0
激光,0,0.0
函数,0,0.0
坐标系,0,0.0
交点,0,0.0
平面,0,0.0
图形,0,0.0
ax²,0,0.0
生物,0,0.0
苹果,0,0.0
电能,0,0.0
超导材料,0,0.0
图像,0,0.0
实数,0,0.0
树木,0,0.0
规律,0,0.0
反应,0,0.0
注释,0,0.0
压力,0,0.0
沸腾,0,0.0
聚变,0,0.0
动植物,0,0.0
化学反应,1,0.2
法拉第,0,0.0
下面,0,0.0
管中,0,0.0
磁场,0,0.0
前人,0,0.0
行为,0,0.0
电,0,0.0
物理学,0,0.0
宇航员,0,0.0
宇航服,0,0.0
宇宙射线,0,0.0
汽车,0,0.0
物理学家,0,0.0
欧姆,0,0.0
上面,0,0.0
实验,0,0.0
霍尔尔,0,0.0
门捷列夫,0,0.0
船舱,0,0.0
真空,0,0.0
发动机,0,0.0
记录器,0,0.0
黑匣子,0,0.0
薄膜,0,0.0
超声波,0,0.0
氮气,0,0.0
课文,0,0.0
氢气,0,0.0
三氧化钨,0,0.0
氯气,0,0.0
火焰,0,0.0
能力,0,0.0
元件,0,0.0
操作系统,0,0.0
氢氧化,0,0.0
梅曼,0,0.0
绿色植物,0,0.0
洗涤剂,0,0.0
硫氧化物,0,0.0
氢氧化物,0,0.0
汽油,0,0.0
望远镜,0,0.0
画面,0,0.0
整数,0,0.0
霓虹灯,0,0.0
遥控器,0,0.0
电视,0,0.0
超级市场,0,0.0
商场,0,0.0
信息,0,0.0
电脑,0,0.0
核反应堆,0,0.0
芯块,0,0.0
厂房,0,0.0
燃料电池,0,0.0
电池,0,0.0
过程,0,0.0
发电机,0,0.0
研究,0,0.0
减少,0,0.0
燃料,0,0.0
影响,0,0.0
燃烧,0,0.0
地表,0,0.0
行星,0,0.0
月亮,0,0.0
起重机,0,0.0
面积,0,0.0
两边,0,0.0
轨迹,0,0.0
矩形,0,0.0
命题,0,0.0
正方形,0,0.0
不锈钢,0,0.0
极限,0,0.0
趋势,0,0.0
符号,0,0.0
工业生产,0,0.0
水中,0,0.0
长度,0,0.0
小车,0,0.0
牵引力,0,0.0
阻力,0,0.0
火车,0,0.0
降落伞,0,0.0
功率,0,0.0
大小,0,0.0
库仑,0,0.0
粒子,0,0.0
中子,3,0.04
飞机,0,0.0
动能,0,0.0
周期,0,0.0
导线,0,0.0
线,0,0.0
包壳管,0,0.0
拉伸,0,0.0
迷失,0,0.0
商品,0,0.0
纤细,0,0.0
沸点,0,0.0
中间,0,0.0
多边形,0,0.0
丁力,0,0.0
活塞,0,0.0
冬天,0,0.0
冷空气,0,0.0
固体,0,0.0
地磁极,0,0.0
两头,0,0.0
吸引力,0,0.0
小球,0,0.0
摩擦力,3,0.04
导电性,0,0.0
升降,0,0.0
吸水性,0,0.0
氧化物,0,0.0
老师,0,0.0
光波,0,0.0
鳞片,0,0.0
年代,0,0.0
颜色,0,0.0
推力,0,0.0
飞行员,0,0.0
热量,0,0.0
太阳能,0,0.0
验证,0,0.0
辨识,0,0.0
芯片,0,0.0
特性,0,0.0
样子,0,0.0
眼睛,0,0.0
有理数,0,0.0
乙地,0,0.0
距离,0,0.0
不倒翁,0,0.0
能源,0,0.0
绝大部分,0,0.0
上海,0,0.0
笛卡尔,0,0.0
半径,0,0.0
角度,0,0.0
投影,0,0.0
中心,0,0.0
风机,0,0.0
化学性质,0,0.0
盐酸,0,0.0
影响力,0,0.0
网站,0,0.0
抛物线,0,0.0
动量,3,0.02
全体,0,0.0
后者,0,0.0
结论,0,0.0
拇指,0,0.0
听写,0,0.0
里面,0,0.0
结果,0,0.0
电影,0,0.0
花卉,0,0.0
情感,0,0.0
东亚,0,0.0
花色,0,0.0
父爱,0,0.0
自然界,0,0.0
发现,0,0.0
意思,0,0.0
数据,0,0.0
文章,0,0.0
秋天,0,0.0
松鼠,0,0.0
科技,0,0.0
疱疹,0,0.0
信天翁,0,0.0
联系,0,0.0
记忆,0,0.0
作者,0,0.0
对象,0,0.0
数字,0,0.0
世界,0,0.0
自由基,0,0.0
孩子,0,0.0
植物,0,0.0
二氧化硫,0,0.0
生物圈,0,0.0
微生物,0,0.0
多数,0,0.0
日本,0,0.0
政党,0,0.0
组织,0,0.0
办法,0,0.0
基因,0,0.0
分句,0,0.0
叶子,0,0.0
酒店,0,0.0
禽流感,0,0.0
教授,0,0.0
电子,3,0.06
脚部,0,0.0
研究者,0,0.0
电极,0,0.0
大学生,0,0.0
大气层,0,0.0
观察,0,0.0
方法,0,0.0
经费,0,0.0
定义,0,0.0
科学,0,0.0
基础理论,0,0.0
例子,0,0.0
理解,0,0.0
性格,0,0.0
皮尔索夫,0,0.0
细胞,0,0.0
劳动力,0,0.0
社会,0,0.0
认知,0,0.0
词汇,0,0.0
识别,0,0.0
思维,0,0.0
神经元,0,0.0
大脑,0,0.0
工人,0,0.0
委员会,0,0.0
雷米,0,0.0
美国,0,0.0
马达,0,0.0
下方,0,0.0
服装,0,0.0
女士,0,0.0
国家,0,0.0
前者,0,0.0
水平,0,0.0
数量,0,0.0
信鸽,0,0.0
机器,0,0.0
成功,0,0.0
副词,0,0.0
水稻,0,0.0
成果,0,0.0
木材,0,0.0
装备,0,0.0
秸秆,0,0.0
混合物,0,0.0
赛跑,0,0.0
城市,0,0.0
种苗,0,0.0
进化,0,0.0
因素,0,0.0
气温,0,0.0
选项,0,0.0
大会,0,0.0
文字,0,0.0
一点,0,0.0
复数,0,0.0
整体,0,0.0
运算,0,0.0
术语,0,0.0
期间,0,0.0
基地,0,0.0
初叶,0,0.0
笛卡儿,0,0.0
向日葵,0,0.0
趋向,0,0.0
海面,0,0.0
体积,0,0.0
集合,0,0.0
需要,0,0.0
几何体,0,0.0
自行车,0,0.0
报告,0,0.0
梯形,0,0.0
几何,0,0.0
长方形,0,0.0
对角线,0,0.0
大自然,0,0.0
工程学,0,0.0
反比,0,0.0
一方,0,0.0
公众,0,0.0
塑料,0,0.0
弹簧,0,0.0
比例,0,0.0
运载火箭,0,0.0
手推车,0,0.0
跳板,0,0.0
运动员,0,0.0
起电,0,0.0
焦耳,0,0.0
一部分,0,0.0
爱因斯坦,0,0.0
莉泽·迈特纳,0,0.0
路径,0,0.0
电路,0,0.0
电容,0,0.0
企业,0,0.0
导弹,0,0.0
海洋,0,0.0
色彩,0,0.0
地线,0,0.0
集成电路,0,0.0
元器件,0,0.0
情况,0,0.0
进步,0,0.0
电荷,0,0.0
拉第,0,0.0
线圈,0,0.0
装置,0,0.0
中微子,0,0.0
计算,0,0.0
奥斯特,0,0.0
无线电波,0,0.0
空间,0,0.0
赫兹,0,0.0
反射,0,0.0
常数,0,0.0
发电站,0,0.0
密度,0,0.0
合成纤维,0,0.0
效应,0,0.0
两侧,0,0.0
事例,0,0.0
横波,0,0.0
中叶,0,0.0
汤斯,0,0.0
汉语,0,0.0
周期表,0,0.0
限度,0,0.0
相对论,0,0.0
知识,0,0.0
形成,0,0.0
过氧化氢,0,0.0
一氧化碳,0,0.0
居里夫人,0,0.0
波长,0,0.0
活动,0,0.0
核酸,0,0.0
无机盐,0,0.0
冰山,0,0.0
稳定,0,0.0
区别,0,0.0
学者,0,0.0
细菌,0,0.0
基本单位,0,0.0
RNA,0,0.0
DNA,0,0.0
食物,0,0.0
遗传物质,0,0.0
桑格,0,0.0
二进制,0,0.0
组成部件,0,0.0
外存,0,0.0
电信号,0,0.0
影片,0,0.0
具有,0,0.0
通信卫星,0,0.0
加工,0,0.0
化学,0,0.0
网络,0,0.0
控制器,0,0.0
蒂姆,0,0.0
牛津大学,0,0.0
服务器,0,0.0
开普勒,0,0.0
火星,0,0.0
参数,0,0.0
天体,0,0.0
第谷,0,0.0
动力,0,0.0
探测器,0,0.0
大桥,0,0.0
起点,0,0.0
修建,0,0.0
高原,0,0.0
旅馆,0,0.0
角色,0,0.0
下列,0,0.0
行业,0,0.0
噪音,0,0.0
传感器,0,0.0
水立方,0,0.0
立方,0,0.0
鸟巢,0,0.0
建筑,0,0.0
幕墙,0,0.0
大楼,0,0.0
都江堰,0,0.0
水利工程,0,0.0
房屋,0,0.0
地区,0,0.0
布局,0,0.0
四合院,0,0.0
历史,0,0.0
变迁,0,0.0
解释,0,0.0
连接,0,0.0
吊脚楼,0,0.0
标志,0,0.0
传输,0,0.0
覆盖率,0,0.0
产生,0,0.0
规范,0,0.0
波,0,0.0
处理,0,0.0
受访者,0,0.0
应用,0,0.0
机构,0,0.0
商洛市,0,0.0
西安,0,0.0
圆角,0,0.0
公式,0,0.0
圆周,0,0.0
边长,0,0.0
扇形,0,0.0
雪花,0,0.0
外形,0,0.0
几何学,0,0.0
微积分,0,0.0
坡度,0,0.0
阿基米德,0,0.0
心脏,0,0.0
信号,0,0.0
表达,0,0.0
世纪,0,0.0
沙子,0,0.0
数学家,0,0.0
数列,0,0.0
密文,0,0.0
加密,0,0.0
明文,0,0.0
解密,0,0.0
字母,0,0.0
凯莱,0,0.0
专业,0,0.0
班长,0,0.0
指标,0,0.0
输入法,0,0.0
王永民,0,0.0
朱守涛,0,0.0
微软,0,0.0
公司,0,0.0
汉字,0,0.0
占比,0,0.0
支付,0,0.0
人民币,0,0.0
方式,0,0.0
直播,0,0.0
主播,0,0.0
成熟,0,0.0
写作,0,0.0
解锁,0,0.0
机器人,0,0.0
透镜,0,0.0
相机,0,0.0
分钟,0,0.0
团队,0,0.0
银行,0,0.0
场合,0,0.0
官方,0,0.0
5G,0,0.0
发电,0,0.0
使用,0,0.0
潮汐,0,0.0
电容器,0,0.0
天然气,0,0.0
电网,0,0.0
量子力学,0,0.0
概念,0,0.0
物理,0,0.0
水流,0,0.0
思想,0,0.0
操作,0,0.0
古人,0,0.0
时钟,0,0.0
精确度,0,0.0
测量,0,0.0
需求,0,0.0
苏联,0,0.0
半导体,0,0.0
模块,0,0.0
危机,0,0.0
力量,0,0.0
工具,0,0.0
援助,0,0.0
建设,0,0.0
普及,0,0.0
化学元素,0,0.0
金属元素,0,0.0
贵金属,0,0.0
利用,0,0.0
冯·诺依曼,0,0.0
文本,0,0.0
力学,0,0.0
读法,0,0.0
负数,0,0.0
正数,0,0.0
格式,0,0.0
简称,0,0.0
未知数,0,0.0
目标,0,0.0
绝对值,0,0.0
分数,0,0.0
气味,0,0.0
催化剂,3,0.05
电灯,0,0.0
同学,0,0.0
重心,0,0.0
生活,0,0.0
玻璃杯,0,0.0
用处,0,0.0
路程,0,0.0
欧洲人,0,0.0
三中,0,0.0
水滴,0,0.0
玻璃板,0,0.0
计算器,0,0.0
行驶,0,0.0
时代,0,0.0
语气,0,0.0
化学变化,0,0.0
晶体,3,0.03
军事学,0,0.0
光标,0,0.0
联结,0,0.0
文彬,0,0.0
电动机,0,0.0
微波,0,0.0
危险,0,0.0
伤害,0,0.0
电压,0,0.0
干电池,0,0.0
限制,0,0.0
表达式,0,0.0
错误,0,0.0
书包,0,0.0
视线,0,0.0
风速,0,0.0
左边,0,0.0
训练,0,0.0
指向,0,0.0
长短,0,0.0
硫酸铜,0,0.0
氧化铁,0,0.0
短文,0,0.0
要求,0,0.0
杯子,0,0.0
正比,0,0.0
组成,0,0.0
表格,0,0.0
蜡烛,0,0.0
恒定,0,0.0
Word,0,0.0
有机物,0,0.0
家庭,0,0.0
特指,0,0.0
箱子,0,0.0
瓶子,0,0.0
自然数,0,0.0
留学生,0,0.0
理解题,0,0.0
千米,0,0.0
容积,0,0.0
乘客,0,0.0
原子核,3,0.06
砂糖,0,0.0
最小,0,0.0
亮度,0,0.0
恒星,0,0.0
组句,0,0.0
星系,0,0.0
车子,0,0.0
阳光,0,0.0
生产方式,0,0.0
保障,0,0.0
生命,0,0.0
食品,0,0.0
糖类,0,0.0
提到,0,0.0
开关,0,0.0
支路,0,0.0
定理,0,0.0
说法,0,0.0
摩擦,0,0.0
电学,0,0.0
动力学,0,0.0
控制,0,0.0
高温,0,0.0
结合,0,0.0
居民,0,0.0
意译,0,0.0
自动化,0,0.0
部件,0,0.0
流水线,0,0.0
传送带,0,0.0
产品,0,0.0
工业,0,0.0
机床,0,0.0
工业革命,0,0.0
学校,0,0.0
路由器,0,0.0
闪盘,0,0.0
教育,0,0.0
商店,0,0.0
生死,0,0.0
人体,0,0.0
感受器,0,0.0
神经细胞,0,0.0
分化,0,0.0
文明,0,0.0
变异,0,0.0
重组,0,0.0
医生,0,0.0
序列,0,0.0
事件,0,0.0
遗传学,0,0.0
血压,0,0.0
品药,0,0.0
研发,0,0.0
医疗,0,0.0
疾病,0,0.0
生产工具,0,0.0
进程,0,0.0
制造,0,0.0
模式,0,0.0
发行量,0,0.0
营销,0,0.0
方面,0,0.0
响应,0,0.0
革命,0,0.0
搭配,0,0.0
满足,0,0.0
肯尼斯·布劳尔,0,0.0
宾语,0,0.0
南方,0,0.0
纸带,0,0.0
原句,0,0.0
数值,0,0.0
星球,0,0.0
幼芽,0,0.0
蚂蚁,0,0.0
鱼类,0,0.0
流星雨,0,0.0
亚洲,0,0.0
鼻孔,0,0.0
讨论,0,0.0
感觉,0,0.0
造句,0,0.0
聪明,0,0.0
鸟类,0,0.0
成绩,0,0.0
街头,0,0.0
模型,0,0.0
胶带,0,0.0
分析法,0,0.0
气层,0,0.0
乙烯,0,0.0
育种,0,0.0
输送,0,0.0
格子,0,0.0
欧拉,0,0.0
猩猩,0,0.0
猜想,0,0.0
小组,0,0.0
科学界,0,0.0
单元,0,0.0
生物体,0,0.0
薄荷,0,0.0
原因,0,0.0
瓶中,0,0.0
化学家,0,0.0
枫树,0,0.0
大叶枫,0,0.0
观测站,0,0.0
研究员,0,0.0
猎手,0,0.0
新药,0,0.0
调查,0,0.0
德国,0,0.0
网蛛,0,0.0
蜘蛛,0,0.0
蟋蟀,0,0.0
后代,0,0.0
风险,0,0.0
存在,0,0.0
探测仪,0,0.0
铁矿,0,0.0
生物学家,0,0.0
小鸡,0,0.0
动词,0,0.0
天狼星,0,0.0
毛虫,0,0.0
缩小,0,0.0
果蝇,0,0.0
通道,0,0.0
追踪,0,0.0
变换,0,0.0
统计,0,0.0
一个,0,0.0
观察者,0,0.0
旅行,0,0.0
彼尔,0,0.0
宇宙空间,0,0.0
树枝,0,0.0
无机物,0,0.0
生成,0,0.0
增大,0,0.0
海葵,0,0.0
托马斯·罗基,0,0.0
算法,0,0.0
心说,0,0.0
乒乓球,0,0.0
干预,0,0.0
一氧化二氮,0,0.0
提示,0,0.0
隔墙,0,0.0
人脑,0,0.0
分子结构,0,0.0
工艺,0,0.0
原理,0,0.0
触碰,0,0.0
接触,0,0.0
耳朵,0,0.0
老鼠,0,0.0
海马区,0,0.0
工作,0,0.0
概率,0,0.0
地质学家,0,0.0
登山家,0,0.0
道尔顿,0,0.0
光子,0,0.0
示意图,0,0.0
化石,0,0.0
遗址,0,0.0
进化论,0,0.0
光合作用,0,0.0
连线,0,0.0
光能,0,0.0
历史学家,0,0.0
器具,0,0.0
同屋,0,0.0
奥运会,0,0.0
塑料袋,0,0.0
普通,0,0.0
次数,0,0.0
桌面,0,0.0
线路,0,0.0
断电器,0,0.0
按钮,0,0.0
警察,0,0.0
病毒,0,0.0
体内,0,0.0
蛋白,0,0.0
针叶,0,0.0
速率,0,0.0
碰撞,0,0.0
打呵欠,0,0.0
硝酸,0,0.0
胃里,0,0.0
微量元素,0,0.0
树脂,0,0.0
约翰·赫曲克,0,0.0
纳米,0,0.0
三角形,0,0.0
贡献,0,0.0
拉力,0,0.0
远方,0,0.0
搜索引擎,0,0.0
参照物,0,0.0
链接,0,0.0
建立,0,0.0
程序,0,0.0
电磁场,0,0.0
黑客,0,0.0
膳食,0,0.0
碳水化合物,0,0.0
饮食,0,0.0
萝卜,0,0.0
蛋白质,0,0.0
浓茶,0,0.0
乙醛,0,0.0
生物化学反应,0,0.0
滑雪板,0,0.0
检查,0,0.0
限量,0,0.0
石灰,0,0.0
成分,0,0.0
黏土,0,0.0
炭黑,0,0.0
电场,0,0.0
化学性能,0,0.0
克雷默,0,0.0
形体,0,0.0
标杆,0,0.0
大地,0,0.0
纪录,0,0.0
马雷,0,0.0
洛强斯基,0,0.0
麦克唐纳,0,0.0
凯恩,0,0.0
半身,0,0.0
振动,0,0.0
机械手,0,0.0
字节,0,0.0
地址,0,0.0
根据,0,0.0
影子,0,0.0
消耗,0,0.0
试验,0,0.0
三千四百零二万五千,0,0.0
倍数,0,0.0
心电图,0,0.0
乘方,0,0.0
用法,0,0.0
改变,0,0.0
语句,0,0.0
真假性,0,0.0
成像,0,0.0
色光,0,0.0
放大镜,0,0.0
介质,0,0.0
污染,0,0.0
延长线,0,0.0
可见光,0,0.0
潜望镜,0,0.0
时刻,0,0.0
矢量,0,0.0
乌龟,0,0.0
广州,0,0.0
流动,0,0.0
分解,0,0.0
机械,0,0.0
斜面,0,0.0
弹力,3,0.04
绳子,0,0.0
选择题,0,0.0
顶部,0,0.0
重物,0,0.0
受力,0,0.0
气球,0,0.0
后缀,0,0.0
两端,0,0.0
电源,0,0.0
倒数,0,0.0
并联,0,0.0
改写,0,0.0
直径,0,0.0
靶子,0,0.0
表中,0,0.0
氢原子,0,0.0
外层,0,0.0
离子,2,0.1
铁轨,0,0.0
集团,0,0.0
方程式,0,0.0
铜器,0,0.0
用途,0,0.0
拉瓦锡,0,0.0
认识,0,0.0
食盐,0,0.0
高锰酸钾,0,0.0
水里,0,0.0
组合,0,0.0
报道,0,0.0
硝酸钾,0,0.0
溶液,0,0.0
结晶,0,0.0
毒害,0,0.0
前面,0,0.0
性能,0,0.0
学生,0,0.0
技术人员,0,0.0
杂质,0,0.0
饮料,0,0.0
微型机,0,0.0
光盘,0,0.0
硬件,0,0.0
打印机,0,0.0
表示,0,0.0
右边,0,0.0
上下,0,0.0
左右,0,0.0
区内,0,0.0
窗口,0,0.0
界面,0,0.0
命令,0,0.0
细胞膜,0,0.0
细胞质,0,0.0
叶绿素,0,0.0
细胞核,0,0.0
功能,0,0.0
凋亡,0,0.0
增多,0,0.0
传递,0,0.0
表现,0,0.0
汁液,0,0.0
多莉,0,0.0
湖泊,0,0.0
生态系统,0,0.0
长江,0,0.0
种子,0,0.0
迁徙,0,0.0
DDT,0,0.0
稳定性,0,0.0
事实,0,0.0
答题,0,0.0
平衡,0,0.0
酸雨,0,0.0
伽利略,0,0.0
菱形,0,0.0
施力 牛顿,0,0.0
截面,0,0.0
多少,0,0.0
问答,0,0.0
汉语拼音,0,0.0
答案,0,0.0
调节,0,0.0
存储器,0,0.0
工作区,0,0.0
尾巴,0,0.0
沙地,0,0.0
有毒物,0,0.0
两者,0,0.0
小说,0,0.0
构成,0,0.0
集体,0,0.0
尾气,0,0.0
作用于,0,0.0
地图,0,0.0
最大,0,0.0
农业,0,0.0
保证,0,0.0
发生,0,0.0
车辆,0,0.0
烟雾,0,0.0
书面语,0,0.0
仙境,0,0.0
数字化,0,0.0
病人,0,0.0
信息化,0,0.0
阅读器,0,0.0
基本,0,0.0
分裂,0,0.0
文中,0,0.0
塔顶,0,0.0
监控,0,0.0
法则,0,0.0
地方,0,0.0
来源,0,0.0
主板,0,0.0
字符,0,0.0
档次,0,0.0
戈登·贝尔奖,0,0.0
开发,0,0.0
提出,0,0.0
积累,0,0.0
助手,0,0.0
语音,0,0.0
智商,0,0.0
人工智能,0,0.0
使用者,0,0.0
拷贝,0,0.0
浏览器,0,0.0
应用题,0,0.0
效果,0,0.0
年轻人,0,0.0
网民,0,0.0
向心力,0,0.0
离心力,0,0.0
范本,0,0.0
视图,0,0.0
轴线,0,0.0
立体,0,0.0
频数,0,0.0
球队,0,0.0
本文,0,0.0
执行者,0,0.0
计划,0,0.0
分析,0,0.0
加速器,0,0.0
学说,0,0.0
凯库勒,0,0.0
冯克,0,0.0
矿物质,0,0.0
脚气病,0,0.0
感受性,0,0.0
特点,0,0.0
调查报告,0,0.0
导语,0,0.0
议论,0,0.0
费马,0,0.0
学科,0,0.0
创立,0,0.0
上方,0,0.0
向量,0,0.0
创造性,0,0.0
规定,0,0.0
报警器,0,0.0
频率,0,0.0
涡流,0,0.0
灶具,0,0.0
铁芯,0,0.0
形象,0,0.0
探讨,0,0.0
曲面,0,0.0
建筑物,0,0.0
建筑师,0,0.0
正面,0,0.0
约翰逊,0,0.0
前奏曲,0,0.0
微粒,0,0.0
管理科学,0,0.0
二维,0,0.0
代数,0,0.0
皮亚诺,0,0.0
说明书,0,0.0
正文,0,0.0
设计书,0,0.0
冰虫,0,0.0
昆虫,0,0.0
器官,0,0.0
水晶体,0,0.0
冰晶体,0,0.0
降低,0,0.0
氧化,0,0.0
体重,0,0.0
部位,0,0.0
博士,0,0.0
花朵,0,0.0
照射,0,0.0
恩瑞特,0,0.0
午睡,0,0.0
月光,0,0.0
睡眠,0,0.0
黄土,0,0.0
生态平衡,0,0.0
沉积物,0,0.0
波浪,0,0.0
气候,0,0.0
青藏高原,0,0.0
法国,0,0.0
天气预报,0,0.0
诞生,0,0.0
挑战,0,0.0
杂志,0,0.0
发展中国家,0,0.0
强弱,0,0.0
云量,0,0.0
积雪,0,0.0
消失,0,0.0
达尔文,0,0.0
含有,0,0.0
悲伤,0,0.0
恐惧感,0,0.0
姿势,0,0.0
区域,0,0.0
天性,0,0.0
内蒙古,0,0.0
红外,0,0.0
手法,0,0.0
体系,0,0.0
黑猩猩,0,0.0
比较,0,0.0
普通人,0,0.0
天才,0,0.0
常人,0,0.0
疗法,0,0.0
恶作剧,0,0.0
古代,0,0.0
河流,0,0.0
爬行动物,0,0.0
恐龙,0,0.0
真骨鱼,0,0.0
绝灭,0,0.0
交谈,0,0.0
核电站,0,0.0
灰霾,0,0.0
垃圾,0,0.0
现代人,0,0.0
辐射,0,0.0
挥发,0,0.0
生 活  人,0,0.0
口头禅,0,0.0
河马,0,0.0
机制,0,0.0
打哈欠,0,0.0
狮子,0,0.0
舞蹈,0,0.0
季节,0,0.0
伏尔泰,0,0.0
血液,0,0.0
消息,0,0.0
移植,0,0.0
意图,0,0.0
红灯,0,0.0
火花,0,0.0
鲁珀特·谢尔德雷克,0,0.0
受试者,0,0.0
炼铁,0,0.0
Cu,0,0.0
分子式,0,0.0
总和,0,0.0
一半,0,0.0
过氧化钠,0,0.0
氢氧化钠,0,0.0
漂白粉,0,0.0
检验,0,0.0
本题,0,0.0
中部,0,0.0
三氧化硫,0,0.0
水溶液,0,0.0
皮肤,0,0.0
木炭,0,0.0
本章,0,0.0
氨水,0,0.0
一氧化氮,0,0.0
王水,0,0.0
浓度,0,0.0
pH,0,0.0
本质,0,0.0
氧化剂,0,0.0
氯化铁,0,0.0
防护,0,0.0
电镀,0,0.0
氢氧化铝,0,0.0
一端,0,0.0
烷烃,0,0.0
甲烷,0,0.0
制法,0,0.0
乙炔,0,0.0
甲苯,0,0.0
类型,0,0.0
溴乙烷,0,0.0
动作,0,0.0
秘密,0,0.0
蝙蝠,0,0.0
尸体,0,0.0
生产者,0,0.0
物种,0,0.0
我国,0,0.0
新生,0,0.0
食草动物,0,0.0
捕杀,0,0.0
祖先,0,0.0
太阳神,0,0.0
人民,0,0.0
星座,0,0.0
天文学家,0,0.0
凶神恶煞,0,0.0
火山,0,0.0
成因,0,0.0
岛屿,0,0.0
附近,0,0.0
遗迹,0,0.0
大洋,0,0.0
透明度,0,0.0
海藻,0,0.0
成本,0,0.0
自然灾害,0,0.0
温室效应,0,0.0
监测,0,0.0
柠檬,0,0.0
治沙,0,0.0
光亮,0,0.0
白亮,0,0.0
克隆人,0,0.0
消声,0,0.0
限定,0,0.0
百分之百,0,0.0
民居,0,0.0
庙宇,0,0.0
论断,0,0.0
目光,0,0.0
窑洞,0,0.0
先民,0,0.0
住宅,0,0.0
下层,0,0.0
土家族,0,0.0
简谱,0,0.0
世纪末,0,0.0
婴儿,0,0.0
松尔曼,0,0.0
音乐,0,0.0
治疗,0,0.0
路易布莱叶,0,0.0
布莱叶,0,0.0
纯净水,0,0.0
茶叶,0,0.0
乌龙茶,0,0.0
水果,0,0.0
石灰水,0,0.0
碳酸,0,0.0
气泡,0,0.0
氧化铜,0,0.0
下图,0,0.0
化工厂,0,0.0
碳酸氢钠,0,0.0
溶剂,0,0.0
溶解,0,0.0
摩尔,0,0.0
框架,0,0.0
次氯酸,0,0.0
布条,0,0.0
氯化钠,0,0.0
连二亚硫酸钠,0,0.0
高压,0,0.0
臭氧,0,0.0
苏打,0,0.0
KClO₃,0,0.0
硫化亚铁,0,0.0
氨气,0,0.0
SO₂,0,0.0
O₂,0,0.0
加压,0,0.0
降温,0,0.0
减压,0,0.0
意义,0,0.0
守恒,0,0.0
种类,0,0.0
亚铁盐,0,0.0
沉淀,0,0.0
腐蚀,0,0.0
电解,0,0.0
阳极,0,0.0
阴极,0,0.0
通式,0,0.0
炔烃,0,0.0
烯烃,0,0.0
丙烷,0,0.0
硝基苯,0,0.0
卤代烃,0,0.0
乙醇,0,0.0
苯酚,0,0.0
酸性,0,0.0
乙酸,0,0.0
醋酸,0,0.0
溴丙烷,0,0.0
果糖,0,0.0
麦芽糖,0,0.0
葡萄糖,0,0.0
淀粉,0,0.0
蔗糖,0,0.0
纤维素,0,0.0
植物油,0,0.0
水解,0,0.0
油脂,0,0.0
措施,0,0.0
醛基,0,0.0
反应热,0,0.0
晶胞,0,0.0
盐类,0,0.0
NO,0,0.0
二氧化硅,0,0.0
丙三醇,0,0.0
小部分,0,0.0
蛋白酶,0,0.0
天然橡胶,0,0.0
高分子结构,0,0.0
涂料,0,0.0
橡胶,0,0.0
砝码,0,0.0
试纸,0,0.0
氧化氮,0,0.0
图示,0,0.0
箭头,0,0.0
分类,0,0.0
合力,0,0.0
合成,0,0.0
分力,0,0.0
路线,0,0.0
选择,0,0.0
做功,0,0.0
水平面,0,0.0
题中,0,0.0
Ep1,0,0.0
上述,0,0.0
带电量,0,0.0
移动,0,0.0
直流,0,0.0
系数,0,0.0
定则,0,0.0
带电粒子,0,0.0
磁体,0,0.0
断开,0,0.0
夹角,0,0.0
指针,0,0.0
楞次,0,0.0
振子,0,0.0
原子能,0,0.0
同时,0,0.0
篮球,0,0.0
橡皮筋,0,0.0
航天飞机,0,0.0
猎豹,0,0.0
瞬时,0,0.0
赛车,0,0.0
卡车,0,0.0
货物,0,0.0
高度,0,0.0
物件,0,0.0
虚线,0,0.0
疏密,0,0.0
灯泡,0,0.0
电粒子,0,0.0
特斯拉,0,0.0
圆环,0,0.0
基础,0,0.0
宏观,0,0.0
传播,0,0.0
位移,3,0.04
切向,0,0.0
棱镜,0,0.0
侧面,0,0.0
两面,0,0.0
弧度,0,0.0
锐角,0,0.0
前项,0,0.0
终点,0,0.0
偶数,0,0.0
女生,0,0.0
塑料的分子,0,0.0
铁,0,0.0
平行四边形,0,0.0
触发器,0,0.0
光学显微镜,0,0.0
它是,0,0.0
基质,0,0.0
激光器一般,0,0.0
激光器,0,0.0
独体字,0,0.0
机器视觉系统,0,0.0
所有的分子,0,0.0
足球,0,0.0
它,0,0.0
星云,0,0.0
任何静电场,0,0.0
分子云,0,0.0
酶,0,0.0
都证明了,0,0.0
轮,0,0.0
有的分子,0,0.0
氧分子,0,0.0
这片防风林,0,0.0
副族,0,0.0
土木工程,0,0.0
招标,0,0.0
红色,0,0.0
天坛,0,0.0
桂林,0,0.0
光纤,0,0.0
光纤通信,0,0.0
记忆合金,0,0.0
胶卷,0,0.0
出现,0,0.0
彩虹,0,0.0
液晶电视,0,0.0
液晶,0,0.0
根本原因,0,0.0
物理量,0,0.0
转动,0,0.0
X射线,0,0.0
电子计算机,0,0.0
电磁波,0,0.0
总之,0,0.0
外表,0,0.0
惰性气体,0,0.0
加法,0,0.0
应用软件,0,0.0
发生器,0,0.0
空间站,0,0.0
等腰,0,0.0
钢铁,0,0.0
物理性质,0,0.0
核力,0,0.0
计算机病毒,0,0.0
直角坐标,0,0.0
用角,0,0.0
想法,0,0.0
轨道,0,0.0
王冠,0,0.0
指南,0,0.0
南北,0,0.0
纯铜,0,0.0
核心,0,0.0
彩灯,0,0.0
红绿灯,0,0.0
指纹,0,0.0
单色光,0,0.0
等离子体,0,0.0
太阳辐射,0,0.0
煤炭,0,0.0
底面,0,0.0
变量,0,0.0
一次函数,0,0.0
播客,0,0.0
守恒定律,0,0.0
交流电,0,0.0
气质,0,0.0
荠菜,0,0.0
蝴蝶,0,0.0
丛林,0,0.0
犀牛,0,0.0
化学物质,0,0.0
赤道,0,0.0
漫山遍野,0,0.0
红叶,0,0.0
下定义,0,0.0
肥料,0,0.0
身躯,0,0.0
翅膀,0,0.0
湿地,0,0.0
循环小数,0,0.0
减法,0,0.0
射影,0,0.0
北航,0,0.0
假设,0,0.0
旋转轴,0,0.0
重力势能,0,0.0
继电器,0,0.0
界线,0,0.0
航海家,0,0.0
力线,0,0.0
赤经,0,0.0
倾角,0,0.0
依据,0,0.0
村是,0,0.0
林芝,0,0.0
疫情,0,0.0
大厦,0,0.0
外观,0,0.0
基站,0,0.0
协同,0,0.0
引导,0,0.0
总导演,0,0.0
开幕式,0,0.0
格伦,0,0.0
五笔字型,0,0.0
部首,0,0.0
现金,0,0.0
购物,0,0.0
清晰,0,0.0
风能,0,0.0
储能,0,0.0
微观世界,0,0.0
量子,0,0.0
公开,0,0.0
食品安全,0,0.0
健康,0,0.0
经济性,0,0.0
对称轴,0,0.0
统计学,0,0.0
联网,0,0.0
基本定律,0,0.0
衣服,0,0.0
艾萨克,0,0.0
英国,0,0.0
阿拉伯数字,0,0.0
物态,0,0.0
周期律,0,0.0
碘字,0,0.0
氧原子,0,0.0
宇宙,0,0.0
新星,0,0.0
太阳系,0,0.0
星星,0,0.0
摄氏度,0,0.0
温泉,0,0.0
养殖业,0,0.0
混合,0,0.0
艾滋,0,0.0
数码相机,0,0.0
中央处理器,0,0.0
卵细胞,0,0.0
可达米,0,0.0
循环系统,0,0.0
内分泌腺,0,0.0
生殖系统,0,0.0
表皮,0,0.0
密码,0,0.0
生物科技,0,0.0
蓝鲸,0,0.0
生命科学,0,0.0
科学技术,0,0.0
微观经济,0,0.0
金融危机,0,0.0
导火索,0,0.0
生产,0,0.0
乌斯带,0,0.0
原子质量,0,0.0
红灶鸟,0,0.0
恒温动物,0,0.0
分支,0,0.0
海马,0,0.0
黑洞,0,0.0
碳纳米管,0,0.0
极昼,0,0.0
暗物质,0,0.0
沼泽地,0,0.0
热传导,0,0.0
囊胚,0,0.0
器官移植,0,0.0
大王,0,0.0
海绵,0,0.0
诊断,0,0.0
副作用,0,0.0
蜂蜡,0,0.0
顾名思义,0,0.0
电子警察,0,0.0
乙酯,0,0.0
贫血症,0,0.0
皮蛋,0,0.0
海豚,0,0.0
空集,0,0.0
百分数,0,0.0
分母,0,0.0
用语,0,0.0
充要条件,0,0.0
白光,0,0.0
蹦极,0,0.0
木球,0,0.0
滑轮,0,0.0
脚踏板,0,0.0
千克,0,0.0
扫帚,0,0.0
安培,0,0.0
甲醛,0,0.0
生理盐水,0,0.0
核心部件,0,0.0
键盘,0,0.0
鼠标,0,0.0
文档,0,0.0
岩石圈,0,0.0
kW,0,0.0
碳酸钠,0,0.0
水解反应,0,0.0
溴苯,0,0.0
硅酸,0,0.0
硫酸铝钾,0,0.0
电场线,0,0.0
摄氏度和华氏度,0,0.0
也可,0,0.0
布局方式适,0,0.0
则它一定适,0,0.0
体温表,0,0.0
体温表是,0,0.0
简直,0,0.0
望远镜是一种,0,0.0
作用力和反作用力是作,0,0.0
二是地球作,0,0.0
(作,0,0.0
压强P是垂直作,0,0.0
可以,0,0.0
把取得的成果不断地应,0,0.0
正五边形的砖不能,0,0.0
广泛应,0,0.0
由于水银和酒精能够,0,0.0
因为,0,0.0
人们,0,0.0
作用力和反作用力分别作,0,0.0
函数是,0,0.0
还是,0,0.0
还是被,0,0.0
"概率""是",0,0.0
如果说将计算机技术应,0,0.0
原本只,0,0.0
原本只是,0,0.0
量子计算机可,0,0.0
量子密钥分配不是,0,0.0
所以普通时钟不能,0,0.0
广泛,0,0.0
北斗星是古代的人们,0,0.0
摄氏度和华氏度都,0,0.0
摄氏度和华氏度都是,0,0.0
手动是,0,0.0
是一种,0,0.0
操作系统主要,0,0.0
是专门,0,0.0
生物技术是将分子生物学的研究成果应,0,0.0
例参照物就,0,0.0
例参照物就是,0,0.0
海洋微生物通过光合作,0,0.0
在元素周期表中部偏右处是一些常常,0,0.0
释放的氧气的体积可以,0,0.0
氧化释放能量,0,0.0
选择育种和基因工程,0,0.0
选择育种和基因工程是,0,0.0
并引入其他细胞中,0,0.0
因而关于数的运算规律也适,0,0.0
经典力学一般不适,0,0.0
只适,0,0.0
"构成""经常被",0,0.0
新制的蒸馏水不宜,0,0.0
存储器是,0,0.0
国际上通常,0,0.0
在元素周期表中部偏右处是一些常,0,0.0
"组成""可",0,0.0
"构成""只",0,0.0
就是,0,0.0
手册,0,0.0
劳动强度,0,0.0
部分,0,0.0
工位,0,0.0
认证,0,0.0
英语,0,0.0
评价,0,0.0
磋商,0,0.0
人物,0,0.0
人际关系,0,0.0
差别,0,0.0
索赔,0,0.0
支持,0,0.0
责任,0,0.0
价值,0,0.0
委托,0,0.0
调查研究,0,0.0
方便,0,0.0
合作,0,0.0
蒸发,0,0.0
南半球,0,0.0
呼应,0,0.0
解决,0,0.0
水底,0,0.0
16℃,0,0.0
气态,0,0.0
固态,0,0.0
线上,0,0.0
适用,0,0.0
实际,0,0.0
运载 火箭,0,0.0
地面,0,0.0
音速,0,0.0
光泽,0,0.0
银白色,0,0.0
延展,0,0.0
器件,0,0.0
彩带,0,0.0
高空,0,0.0
临界温度,0,0.0
电流量,0,0.0
效率,0,0.0
乐器,0,0.0
光阑,0,0.0
运输,0,0.0
相似之处,0,0.0
优点,0,0.0
原点,0,0.0
直角,0,0.0
平行线,0,0.0
切线,0,0.0
液态,0,0.0
熔点,0,0.0
催化作用,0,0.0
比重,0,0.0
推动力,0,0.0
有影响,0,0.0
电解质,0,0.0
照相,0,0.0
垂直,0,0.0
相同,0,0.0
爆炸,0,0.0
周期性,0,0.0
远处,0,0.0
Vt,0,0.0
石油,0,0.0
前缘,0,0.0
蓝色,0,0.0
切割,0,0.0
资源,0,0.0
正式,0,0.0
放大,0,0.0
上层,0,0.0
关注,0,0.0
免疫力,0,0.0
恶性肿瘤,0,0.0
组成部分,0,0.0
圆弧,0,0.0
改进,0,0.0
像素,0,0.0
电离,0,0.0
导航,0,0.0
定位,0,0.0
售价,0,0.0
总价,0,0.0
核电,0,0.0
进展,0,0.0
话题,0,0.0
海王星,0,0.0
SB,0,0.0
椭圆,0,0.0
推论,0,0.0
cl,0,0.0
无穷,0,0.0
燃点,0,0.0
自燃,0,0.0
乘积,0,0.0
字样,0,0.0
同位素,3,0.03
极轴,0,0.0
横行,0,0.0
手心,0,0.0
描述,0,0.0
升华,0,0.0
空隙,0,0.0
暖气,0,0.0
对流,0,0.0
吸引,0,0.0
大类,0,0.0
形变,0,0.0
散射,0,0.0
阻碍,0,0.0
-57℃,0,0.0
上下方,0,0.0
图象,0,0.0
宽度,0,0.0
方向性,0,0.0
激光束,0,0.0
新纪元,0,0.0
猫眼,0,0.0
海平面,0,0.0
发射,0,0.0
时间差,0,0.0
天空,0,0.0
最高点,0,0.0
航船,0,0.0
博客,0,0.0
不变,0,0.0
一起,0,0.0
感应,0,0.0
适当,0,0.0
高新技术,0,0.0
经济危机,0,0.0
灭绝,0,0.0
人才,0,0.0
皮毛,0,0.0
共同点,0,0.0
弱势,0,0.0
后果,0,0.0
事情,0,0.0
航行,0,0.0
联想,0,0.0
类别,0,0.0
途径,0,0.0
扭转,0,0.0
氮氧化物,0,0.0
结晶体,0,0.0
可能,0,0.0
树根,0,0.0
字句,0,0.0
流行病,0,0.0
吸水,0,0.0
观点,0,0.0
冷水,0,0.0
应用科学,0,0.0
歧异,0,0.0
紊乱,0,0.0
动乱,0,0.0
差异,0,0.0
自动控制,0,0.0
镜子,0,0.0
进行,0,0.0
场景,0,0.0
厘米,0,0.0
下降,0,0.0
外衣,0,0.0
洞穴,0,0.0
增加,0,0.0
原则,0,0.0
危害,0,0.0
主题,0,0.0
青睐,0,0.0
正 负,0,0.0
总人口,0,0.0
含义,0,0.0
根号,0,0.0
泡沫,0,0.0
三角,0,0.0
陆地,0,0.0
圆台,0,0.0
长方体,0,0.0
身边,0,0.0
圆柱,0,0.0
表面积,0,0.0
看法,0,0.0
原状,0,0.0
梯子,0,0.0
天梯,0,0.0
生产力,0,0.0
化合,0,0.0
相关,0,0.0
小行星,0,0.0
正电,0,0.0
绝缘体,0,0.0
正极,0,0.0
通路,0,0.0
断路,0,0.0
短路,0,0.0
温室,0,0.0
负电,0,0.0
想象,0,0.0
今天,0,0.0
规则,0,0.0
试图,0,0.0
光速,0,0.0
道路,0,0.0
一线,0,0.0
折射,0,0.0
激发,0,0.0
强光,0,0.0
考验,0,0.0
总称,0,0.0
转化率,0,0.0
四氧化三铁,0,0.0
拟核,0,0.0
声速,0,0.0
危险性,0,0.0
氨基酸,0,0.0
走向,0,0.0
加工厂,0,0.0
证实,0,0.0
驾驶员,0,0.0
课题,0,0.0
高速公路,0,0.0
地点,0,0.0
鲜艳,0,0.0
香港,0,0.0
封闭,0,0.0
转变,0,0.0
样式,0,0.0
标准,0,0.0
清零,0,0.0
充电,0,0.0
剧增,0,0.0
改善,0,0.0
混凝土,0,0.0
良好,0,0.0
进度,0,0.0
比赛,0,0.0
场所,0,0.0
名录,0,0.0
水势,0,0.0
火炉,0,0.0
支撑,0,0.0
商用,0,0.0
年末,0,0.0
容量,0,0.0
必要,0,0.0
驱动力,0,0.0
配置,0,0.0
电波,0,0.0
轩然大波,0,0.0
主力,0,0.0
方方面面,0,0.0
前提,0,0.0
上限,0,0.0
始终,0,0.0
引导牌,0,0.0
球面,0,0.0
点上,0,0.0
发明,0,0.0
一对,0,0.0
体现,0,0.0
空格,0,0.0
矩阵,0,0.0
差距,0,0.0
指令,0,0.0
字型,0,0.0
优势,0,0.0
印刷术,0,0.0
地位,0,0.0
体验,0,0.0
观众,0,0.0
引擎,0,0.0
障碍物,0,0.0
灰色,0,0.0
千家万户,0,0.0
主流,0,0.0
水库,0,0.0
缺点,0,0.0
压缩空气,0,0.0
供应,0,0.0
灾难,0,0.0
不同,0,0.0
Python,0,0.0
机会,0,0.0
通信网,0,0.0
二极管,0,0.0
大规模集成电路,0,0.0
协作,0,0.0
手段,0,0.0
便利,0,0.0
营养,0,0.0
保质期,0,0.0
准确性,0,0.0
日常生活,0,0.0
右侧,0,0.0
珠宝,0,0.0
污染物,0,0.0
依赖,0,0.0
家乡,0,0.0
论文,0,0.0
钱款,0,0.0
服务,0,0.0
听力,0,0.0
算式,0,0.0
收入,0,0.0
气压,0,0.0
房间,0,0.0
判断,0,0.0
对话,0,0.0
element,0,0.0
游戏,0,0.0
旋转,0,0.0
ml,0,0.0
试管,0,0.0
题目,0,0.0
扩展,0,0.0
正误,0,0.0
标记,0,0.0
motion,0,0.0
对错,0,0.0
录音,0,0.0
小时,0,0.0
草地,0,0.0
生锈,0,0.0
生物学,0,0.0
水平线,0,0.0
BB,0,0.0
质数,0,0.0
AB,0,0.0
混合体,0,0.0
圆球,0,0.0
正确,0,0.0
波浪线,0,0.0
化学工业,0,0.0
实例,0,0.0
空缺,0,0.0
任务,0,0.0
乘法,0,0.0
虚数,0,0.0
阿拉伯,0,0.0
奇数,0,0.0
公里,0,0.0
立方米,0,0.0
熔化,0,0.0
气化,0,0.0
凝固,0,0.0
编号,0,0.0
数目,0,0.0
氢氯酸,0,0.0
要素,0,0.0
论证,0,0.0
白矮星,0,0.0
用电量,0,0.0
云雾,0,0.0
100℃,0,0.0
云层,0,0.0
导向,0,0.0
提升,0,0.0
大方面,0,0.0
参与,0,0.0
合成物,0,0.0
冲击,0,0.0
困难,0,0.0
一定,0,0.0
工厂,0,0.0
运行,0,0.0
大小写,0,0.0
驱动,0,0.0
一生,0,0.0
寿命,0,0.0
呼吸,0,0.0
诀窍,0,0.0
生物技术,0,0.0
遗传,0,0.0
染色体,0,0.0
财富,0,0.0
劳动者,0,0.0
通货膨胀,0,0.0
设计者,0,0.0
投入,0,0.0
代表,0,0.0
大雪,0,0.0
自然,0,0.0
Cn,0,0.0
Copernicium,0,0.0
质疑,0,0.0
运转,0,0.0
冷血动物,0,0.0
体温,0,0.0
保护者,0,0.0
媒介,0,0.0
前景,0,0.0
探索,0,0.0
军官,0,0.0
骗术,0,0.0
表述,0,0.0
土壤,0,0.0
转折,0,0.0
智慧,0,0.0
属性,0,0.0
启发,0,0.0
对比,0,0.0
大陆,0,0.0
灭亡,0,0.0
基准,0,0.0
网上,0,0.0
成熟期,0,0.0
假说,0,0.0
海豹,0,0.0
地层,0,0.0
鸟粪,0,0.0
形貌,0,0.0
石头,0,0.0
个头,0,0.0
迹象,0,0.0
异议,0,0.0
虫洞,0,0.0
壁垒,0,0.0
艾萨克·牛顿,0,0.0
有机化学,0,0.0
传导,0,0.0
转移,0,0.0
抑制,0,0.0
生长,0,0.0
相撞,0,0.0
直觉,0,0.0
碱基对,0,0.0
认可,0,0.0
尊严,0,0.0
综合征,0,0.0
道德,0,0.0
笑气,0,0.0
证明,0,0.0
精神,0,0.0
镜像,0,0.0
图案,0,0.0
干扰,0,0.0
误差,0,0.0
准确,0,0.0
阻滞,0,0.0
大脑皮层,0,0.0
检索,0,0.0
嫌疑度,0,0.0
碎块,0,0.0
里程碑,0,0.0
种群,0,0.0
威胁,0,0.0
干冰,0,0.0
提高,0,0.0
起源,0,0.0
有效性,0,0.0
产物,0,0.0
体外,0,0.0
酸类,0,0.0
词 保,0,0.0
黑金,0,0.0
参考,0,0.0
网格球顶,0,0.0
检核,0,0.0
透气性,0,0.0
偏好,0,0.0
刺激,0,0.0
还原,0,0.0
陶器,0,0.0
顶点,0,0.0
此类,0,0.0
执行,0,0.0
陌生人,0,0.0
机率,0,0.0
流线型,0,0.0
跨度,0,0.0
登机,0,0.0
阅读,0,0.0
输入 束,0,0.0
△ABC,0,0.0
中线,0,0.0
真假,0,0.0
光源,0,0.0
萤火虫,0,0.0
表面上,0,0.0
光年,0,0.0
海市蜃楼,0,0.0
厚度,0,0.0
身心健康,0,0.0
间隔,0,0.0
轮轴,0,0.0
串联,0,0.0
圆周率,0,0.0
原子量,0,0.0
统一,0,0.0
惰性,0,0.0
外面,0,0.0
上空,0,0.0
硫酸钾,0,0.0
缝隙,0,0.0
活动性,0,0.0
铝热剂,0,0.0
查询,0,0.0
外部设备,0,0.0
晶体管,0,0.0
尺寸,0,0.0
剪贴板,0,0.0
目的地,0,0.0
菜单,0,0.0
细胞壁,0,0.0
生命力,0,0.0
一侧,0,0.0
特征,0,0.0
扩散,0,0.0
生活方式,0,0.0
破坏,0,0.0
药剂,0,0.0
消费者,0,0.0
森林,0,0.0
vt,0,0.0
镜面,0,0.0
轴上,0,0.0
碳酸氢铵,0,0.0
规整,0,0.0
摄像头,0,0.0
数据库,0,0.0
查找,0,0.0
x²,0,0.0
to,0,0.0
制作,0,0.0
状况,0,0.0
机械化,0,0.0
弹性,0,0.0
黄金分割,0,0.0
书面,0,0.0
余数,0,0.0
变革,0,0.0
分诊,0,0.0
医院,0,0.0
根本,0,0.0
主要,0,0.0
奥秘,0,0.0
短缺,0,0.0
配合,0,0.0
王国,0,0.0
边界,0,0.0
原型,0,0.0
重要性,0,0.0
逻辑,0,0.0
行列,0,0.0
提名,0,0.0
处理器,0,0.0
向往,0,0.0
许可,0,0.0
Aero,0,0.0
源程序,0,0.0
编译,0,0.0
介绍,0,0.0
瘫痪,0,0.0
协议,0,0.0
分量,0,0.0
不便,0,0.0
好处,0,0.0
总结,0,0.0
棱线,0,0.0
总体,0,0.0
分布,0,0.0
百分比,0,0.0
量度,0,0.0
安排,0,0.0
碎片,0,0.0
代谢,0,0.0
维生素,0,0.0
米糠,0,0.0
规律性,0,0.0
标准化,0,0.0
外界,0,0.0
回路,0,0.0
壳体,0,0.0
完善,0,0.0
特色,0,0.0
异同,0,0.0
自然资源,0,0.0
部门,0,0.0
全称,0,0.0
独立性,0,0.0
帮助,0,0.0
进军,0,0.0
本领,0,0.0
磁悬浮,0,0.0
悬浮,0,0.0
出口,0,0.0
映射,0,0.0
章节,0,0.0
复眼,0,0.0
冰点,0,0.0
以往,0,0.0
了解,0,0.0
关联,0,0.0
淤塞,0,0.0
岸边,0,0.0
胜败,0,0.0
损失,0,0.0
相关性,0,0.0
模拟,0,0.0
演变,0,0.0
战争,0,0.0
整理,0,0.0
古猿,0,0.0
外围,0,0.0
摇篮,0,0.0
外星人,0,0.0
人群,0,0.0
H5N1,0,0.0
荷兰,0,0.0
打击,0,0.0
侵袭,0,0.0
报酬,0,0.0
勤奋,0,0.0
细节,0,0.0
解放,0,0.0
硬壳,0,0.0
面貌,0,0.0
寒武纪,0,0.0
深度,0,0.0
景观,0,0.0
情绪,0,0.0
内能,0,0.0
代价,0,0.0
家里,0,0.0
心理,0,0.0
心态,0,0.0
意味,0,0.0
安慰,0,0.0
哈欠,0,0.0
模仿,0,0.0
感染力,0,0.0
偏爱,0,0.0
星空,0,0.0
占星术,0,0.0
哀伤,0,0.0
书本,0,0.0
死胡同,0,0.0
动物界,0,0.0
合成氨,0,0.0
毒性,0,0.0
思考,0,0.0
水分,0,0.0
黄色,0,0.0
紫色,0,0.0
蒸馏水,0,0.0
黄绿色,0,0.0
漂白性,0,0.0
萃取,0,0.0
习题,0,0.0
养气,0,0.0
腐蚀性,0,0.0
钝化,0,0.0
硫酸铵,0,0.0
二氧化氮,0,0.0
四氧化二氮,0,0.0
碳酸铜,0,0.0
衍生物,0,0.0
碳氢化合物,0,0.0
芳香烃,0,0.0
荔枝,0,0.0
交流,0,0.0
多样性,0,0.0
阿波罗,0,0.0
光明,0,0.0
中年,0,0.0
遥想,0,0.0
地核,0,0.0
眼帘,0,0.0
眼里,0,0.0
线索,0,0.0
遗体,0,0.0
图片,0,0.0
兴趣,0,0.0
废弃物,0,0.0
GDP,0,0.0
蒙古国,0,0.0
改造,0,0.0
西红柿,0,0.0
舞厅,0,0.0
人工,0,0.0
尘埃,0,0.0
烟火,0,0.0
建筑群,0,0.0
语言,0,0.0
盲文,0,0.0
时节,0,0.0
疲劳,0,0.0
瓜瓤,0,0.0
神经系统,0,0.0
化学激素,0,0.0
石蕊,0,0.0
灭火,0,0.0
氧化性,0,0.0
序数,0,0.0
通性,0,0.0
氧化钠,0,0.0
置换,0,0.0
氯化钙,0,0.0
煤油,0,0.0
氯化锰,0,0.0
氟化氢,0,0.0
洞中,0,0.0
挥发性,0,0.0
漂白,0,0.0
偏向,0,0.0
纸上,0,0.0
红热,0,0.0
H⁺,0,0.0
白烟,0,0.0
化学平衡,3,0.05
酸盐,0,0.0
硫酸铁,0,0.0
过量,0,0.0
Na₂CO₃+H₂O+CO₂↑,0,0.0
血红色,0,0.0
FeCl₂,0,0.0
负极,0,0.0
溴水,0,0.0
氯化氢,0,0.0
乙基,0,0.0
烃炔,0,0.0
羧酸,0,0.0
共性,0,0.0
羟基,0,0.0
氯乙烯,0,0.0
肽链,0,0.0
所得,0,0.0
胶体,0,0.0
mol,0,0.0
木条,0,0.0
白雾,0,0.0
铵盐,0,0.0
NH3,0,0.0
NO2,0,0.0
光导纤维,0,0.0
Fe3+,0,0.0
棕色,0,0.0
无色,0,0.0
溴化氢,0,0.0
氢化,0,0.0
变性,0,0.0
单体,0,0.0
化学纤维,0,0.0
合成橡胶,0,0.0
运动学,0,0.0
经验,0,0.0
v₂,0,0.0
mgh,0,0.0
中和,0,0.0
屏蔽,0,0.0
直流电,0,0.0
MΩ,0,0.0
I₂,0,0.0
R₁,0,0.0
偏转,0,0.0
磁感线,0,0.0
谐波,0,0.0
热现象,0,0.0
立方体,0,0.0
Fy,0,0.0
木块,0,0.0
/s,0,0.0
总量,0,0.0
底端,0,0.0
一会儿,0,0.0
EB,0,0.0
左手,0,0.0
右手,0,0.0
2p,0,0.0
Pa,0,0.0
分量式,0,0.0
增量,0,0.0
中点,0,0.0
放电,0,0.0
焦点,0,0.0
平行,0,0.0
量词,0,0.0
成立,0,0.0
原象,0,0.0
对数,0,0.0
铁原子直接,0,0.0
水和尘埃,0,0.0
运动着的物质,0,0.0
不同的元素,0,0.0
原子核和电子,0,0.0
两对平行边,0,0.0
电子元器件,0,0.0
几个透镜组合,0,0.0
什么东西,0,0.0
硬件和软件,0,0.0
砂和石,0,0.0
个民族,0,0.0
三大部分,0,0.0
三个主要部分,0,0.0
笔画,0,0.0
三部分,0,0.0
什么材料,0,0.0
两种小的微粒,0,0.0
气体和尘埃,0,0.0
个电容,0,0.0
多个行政区,0,0.0
氢分子等,0,0.0
正六边形,0,0.0
碳和氧,0,0.0
轮和轴,0,0.0
一个原子,0,0.0
两个氧原子,0,0.0
不同元素,0,0.0
12行树,0,0.0
长周期元素,0,0.0
溶剂和溶质,0,0.0
统称,0,0.0
象征,0,0.0
围墙,0,0.0
名字,0,0.0
指挥系统,0,0.0
光学仪器,0,0.0
叠加,0,0.0
航天器,0,0.0
破碎,0,0.0
成就,0,0.0
相似形,0,0.0
弧形,0,0.0
橙色,0,0.0
原料,0,0.0
化工原料,0,0.0
指挥者,0,0.0
家电,0,0.0
必然结果,0,0.0
庞然大物,0,0.0
化学电池,0,0.0
金属材料,0,0.0
游离态,0,0.0
相互作用力,0,0.0
椭圆形,0,0.0
表现形式,0,0.0
很久以前,0,0.0
纯金,0,0.0
铜合金,0,0.0
水银,0,0.0
航行灯,0,0.0
热辐射,0,0.0
火球,0,0.0
正多边形,0,0.0
电台,0,0.0
标量,0,0.0
魅力,0,0.0
野菜,0,0.0
法律,0,0.0
两栖动物,0,0.0
家园,0,0.0
种属,0,0.0
陆生动物,0,0.0
收获,0,0.0
隐患,0,0.0
结果显示,0,0.0
子集,0,0.0
逆运算,0,0.0
特例,0,0.0
球体,0,0.0
因数,0,0.0
辅助工具,0,0.0
神经中枢,0,0.0
躯壳,0,0.0
再生能源,0,0.0
中心线,0,0.0
新大陆,0,0.0
假想,0,0.0
不性,0,0.0
未来,0,0.0
村庄,0,0.0
地标,0,0.0
一环,0,0.0
故事,0,0.0
心脏科主任,0,0.0
数量指标,0,0.0
形码,0,0.0
金融服务,0,0.0
创新,0,0.0
追求,0,0.0
蒸汽,0,0.0
著作,0,0.0
思想家,0,0.0
电致发光,0,0.0
民生问题,0,0.0
载体,0,0.0
节点,0,0.0
人,0,0.0
量,0,0.0
基础科学,0,0.0
形旁,0,0.0
大行星,0,0.0
泉水,0,0.0
爆发,0,0.0
片段,0,0.0
居住地,0,0.0
法拉,0,0.0
难题,0,0.0
音译,0,0.0
数制,0,0.0
网络设备,0,0.0
前提条件,0,0.0
头,0,0.0
腺体,0,0.0
角质层,0,0.0
物质基础,0,0.0
时期,0,0.0
愿望,0,0.0
瓶颈,0,0.0
国鸟,0,0.0
六角形,0,0.0
冰块,0,0.0
交叉学科,0,0.0
广播台,0,0.0
魔王,0,0.0
碳纤维,0,0.0
回事,0,0.0
庄稼,0,0.0
基石,0,0.0
底线,0,0.0
权宜之计,0,0.0
花,0,0.0
好助手,0,0.0
建筑工程,0,0.0
柱体,0,0.0
六边形,0,0.0
电子仪器,0,0.0
传导体,0,0.0
脂肪,0,0.0
病,0,0.0
美食,0,0.0
骨架,0,0.0
飞跃,0,0.0
充分条件,0,0.0
复色光,0,0.0
铁球,0,0.0
合运动,0,0.0
小轮,0,0.0
代数和,0,0.0
杠杆,0,0.0
比,0,0.0
文件名称,0,0.0
立足点,0,0.0
薄层,0,0.0
定值,0,0.0
和,0,0.0
有毒气体,0,0.0
逆反应,0,0.0
弱酸,0,0.0
作用点,0,0.0
记录汉语的书面符号,0,0.0
计量温度的单位,0,0.0
比较句中,0,0.0
小规模的生产活动,0,0.0
两个星球之间的相互作用,0,0.0
测量身体温度,0,0.0
测量身体温度的,0,0.0
强调完全达到或差不多达到了某种程度,0,0.0
观察远距离物体的光学仪器,0,0.0
不同的物体上的,0,0.0
重物的向下的引力P,0,0.0
绳子上),0,0.0
地球上),0,0.0
物体上的压力F跟受力面积S的比值,0,0.0
所有适用的机型,0,0.0
科学技术中,0,0.0
铺地,0,0.0
机器修理和安装,0,0.0
测量温度,0,0.0
测量的指纹仅是相当小的一片表皮,0,0.0
治病的药物成分,0,0.0
不同的物体上,0,0.0
描述变量之间,0,0.0
描述变量之间的关系的概念,0,0.0
军事信息加密的凯撒密码,0,0.0
刻画事件出现,0,0.0
刻画事件出现的可能性大小的数量指标,0,0.0
统计学领域是为统计学发展奠下了一脚油门,0,0.0
标记汉字读音,0,0.0
标记汉字读音的拼音也就可以自然地作为汉字的输入编码,0,0.0
解决航空航天工业中的具体问题,0,0.0
传送保密内容,0,0.0
导航定位,0,0.0
建筑、机械制造、交通运输等领域,0,0.0
航空、建筑、包装等行业,0,0.0
分辨方位的依据,0,0.0
建筑、机械制造等领域,0,0.0
计量温度,0,0.0
进行操作实现的运动,0,0.0
高速计算的电子计算机器,0,0.0
存储文件 操作系统统一管理计算机系统的全部资源 操作系统是用户和计算机的接口 操作系统是系统软件的核心 关于操作系统的目的说法不正确的是,0,0.0
传递兴奋的,0,0.0
保护真皮的,0,0.0
农业、医学和其他领域的生产实践,0,0.0
确定物体处于相对静止或相对运动状态,0,0.0
确定物体处于相对静止或相对运动状态的比较物,0,0.0
制造养分实际上是适应环境的一个表现,0,0.0
信息技术中的具有半导体功能的元素,0,0.0
测定光合作用的速度,0,0.0
激活转运、合成大分子、细胞分裂和肌肉收缩,0,0.0
繁殖培育更符合我们意愿,0,0.0
繁殖培育更符合我们意愿的动物和植物的一种常用方法,0,0.0
复制,0,0.0
整式运算,0,0.0
微观粒子,0,0.0
宏观物体,0,0.0
表示事物的成分或形状,0,0.0
养金鱼,0,0.0
存放程序和数据,0,0.0
存放程序和数据的,0,0.0
克来做重量的单位而不是重力的单位,0,0.0
信息技术中的、具有半导体功能的元素,0,0.0
事物或人的组合,0,0.0
指事物的组成,0,0.0
制造耐火坩埚,0,0.0
