sent_id,text,subj,rel,obj,rule,Unnamed: 6,Unnamed: 7
67,土木工程是建造各类工程设施的科学技术的统称。,土木工程,IS_A,统称,DEF_IS_A_ROOT_NOUN_SAFE_V2,,
582,工程招标与投标是一种方法，它既延续了人类商品交易原始的思想与方法，又运用了市场经济的竞争机制。,招标,IS_A,方法,DEF_IS_A_ROOT_NOUN_SAFE_V2,,
687,在中国文化中，红色一向都是喜庆吉祥的象征。,红色,IS_A,象征,DEF_IS_A_ROOT_NOUN_SAFE_V2,,
1010,港珠澳大桥 港珠澳大桥是中国境内一座连接香港、珠海(广东)和澳门的桥隧工程。,大桥,IS_A,工程,DEF_IS_A_ROOT_NOUN_SAFE_V2,,
1362,回音壁和三音石  北京的天坛是中国有名的古代建筑群。,天坛,IS_A,建筑群,DEF_IS_A_ROOT_NOUN_SAFE_V2,,
1365,回音壁是一道封闭的圆形围墙。,回音壁,IS_A,围墙,DEF_IS_A_ROOT_NOUN_SAFE_V2,,
1958,分子是构成物质的一种微粒。,分子,IS_A,微粒,DEF_IS_A_ROOT_NOUN_SAFE_V2,,
1966,原子也是构成物质的一种微粒。,原子,IS_A,微粒,DEF_IS_A_ROOT_NOUN_SAFE_V2,,
2103,桂林是著名的旅游城市，漓江两岸的风景最秀丽。,桂林,IS_A,城市,DEF_IS_A_ROOT_NOUN_SAFE_V2,,
2119,指南针  指南针是指示方向的工具。,指南针,IS_A,工具,DEF_IS_A_ROOT_NOUN_SAFE_V2,,
2193,万有引力是太阳和地球等天体之所以如此存在的原因；没有万有引力，天体将无法相互吸引形成天体系统，而我们所知的生命形式也将不会出现。,万有引力,IS_A,原因,DEF_IS_A_ROOT_NOUN_SAFE_V2,,
2439,温度计是测量温度的一种仪器。,温度计,IS_A,仪器,DEF_IS_A_ROOT_NOUN_SAFE_V2,,
2537,神奇的电脑 电脑，是电子计算机的另外一个名字。,电脑,IS_A,名字,DEF_IS_A_ROOT_NOUN_SAFE_V2,,
2608,光纤通信 光纤就是光导纤维，它是一根比头发丝还细的玻璃丝。,光纤,IS_A,光导纤维,DEF_IS_A_ROOT_NOUN_SAFE_V2,,
2610,光纤通信是一门新兴的通讯技术。,光纤通信,IS_A,技术,DEF_IS_A_ROOT_NOUN_SAFE_V2,,
2720,记忆合金 记忆合金，顾名思义，就是带有"记忆"功能的合金。,记忆合金,IS_A,合金,DEF_IS_A_ROOT_NOUN_SAFE_V2,,
2773,数码相机的"胶卷"就是其成像器件，而且它与相机一体，是数码相机的心脏。,胶卷,IS_A,器件,DEF_IS_A_ROOT_NOUN_SAFE_V2,,
2779,数码相机的出现，是照相史上的一大进步。,出现,IS_A,进步,DEF_IS_A_ROOT_NOUN_SAFE_V2,,
2875,彩虹是气象中的一种光学现象。,彩虹,IS_A,现象,DEF_IS_A_ROOT_NOUN_SAFE_V2,,
3064,氢气是氢的单质形态，是所有气体中最轻的，也是宇宙中含量最高的物质。,氢气,IS_A,物质,DEF_IS_A_ROOT_NOUN_SAFE_V2,,
3093,控制器是整个机器的指挥系统。,控制器,IS_A,指挥系统,DEF_IS_A_ROOT_NOUN_SAFE_V2,,
3114,激光 激光也是一种光，但它的发射方式以及许多奇特性质跟普通光不一样。,激光,IS_A,光,DEF_IS_A_ROOT_NOUN_SAFE_V2,,
3116,前者是不可控制的光源，后者则是可控制的新型光源。,前者,IS_A,光源,DEF_IS_A_ROOT_NOUN_SAFE_V2,,
3151,望远镜·电子显微镜 望远镜 望远镜是一种用于观察远距离物体的光学仪器，它能把远处的物品在成像空间内按一定倍率放大，使本来无法用肉眼看清的物体变得清晰可见。,望远镜,IS_A,光学仪器,DEF_IS_A_ROOT_NOUN_SAFE_V2,,
3179,液晶电视 液晶电视是指用液晶屏做显示器的电视机。,液晶电视,IS_A,电视机,DEF_IS_A_ROOT_NOUN_SAFE_V2,,
3180,液晶是一种介于固体和液体之间，具有规则性分子排列的有机化合物。,液晶,IS_A,化合物,DEF_IS_A_ROOT_NOUN_SAFE_V2,,
3214,这里所说的颜色都是百分之百颜色的叠加。,颜色,IS_A,叠加,DEF_IS_A_ROOT_NOUN_SAFE_V2,,
3228,宇宙飞船 宇宙飞船又称载人飞船，是一种运送航天员到达太空并安全返回的一次性使用的航天器。,宇宙飞船,IS_A,航天器,DEF_IS_A_ROOT_NOUN_SAFE_V2,,
3309,海王星的发现是应用万有引力定律取得重大成就的一个例子。,发现,IS_A,例子,DEF_IS_A_ROOT_NOUN_SAFE_V2,,
3320,流星雨形成的根本原因是彗星的破碎。,根本原因,IS_A,破碎,DEF_IS_A_ROOT_NOUN_SAFE_V2,,
3417,二氧化锰是这个反应的催化剂，它在这个反应里起催化作用。,二氧化锰,IS_A,催化剂,DEF_IS_A_ROOT_NOUN_SAFE_V2,,
3543,在这里，"这个物理量"是"比重"的复指成分，它们指向一事物，属于同一语法成分。,物理量,IS_A,成分,DEF_IS_A_ROOT_NOUN_SAFE_V2,,
3668,转动是自然界和生产技术中常见的一种运动。,转动,IS_A,运动,DEF_IS_A_ROOT_NOUN_SAFE_V2,,
3730,在匀速直线运动中，速度是路程跟通过这段路程所用时间的比值。,速度,IS_A,比值,DEF_IS_A_ROOT_NOUN_SAFE_V2,,
3730,在匀速直线运动中，速度是路程跟通过这段路程所用时间的比值。,路程,IS_A,比值,DEF_IS_A_ROOT_NOUN_SAFE_V2,,
3779,X射线的发现 X射线是一种波长范围在0.001至10纳米之间的短波电子辐射。,X射线,IS_A,辐射,DEF_IS_A_ROOT_NOUN_SAFE_V2,,
3806,电子计算机是二十世纪科学技术上一个重大的成就。,电子计算机,IS_A,成就,DEF_IS_A_ROOT_NOUN_SAFE_V2,,
3828,机器人是一种由电子计算机控制，能代替人做某些工作的自动机械。,机器人,IS_A,机械,DEF_IS_A_ROOT_NOUN_SAFE_V2,,
3831,激光计算机是一种利用激光束而不是电波进行数据计算和资料处理的电子计算机。,计算机,IS_A,电子计算机,DEF_IS_A_ROOT_NOUN_SAFE_V2,,
3933,不论x取任何实数值，指数函数y等于a的x次方的图像总是 x轴的上方。,图像,IS_A,上方,DEF_IS_A_ROOT_NOUN_SAFE_V2,,
4011,把一个图形放大或缩小，所得到的图形就是原图形的相似形。,图形,IS_A,相似形,DEF_IS_A_ROOT_NOUN_SAFE_V2,,
4051,电磁波 电磁波是电磁场的一种运动形态。,电磁波,IS_A,形态,DEF_IS_A_ROOT_NOUN_SAFE_V2,,
4108,宇航服是宇航员征服太空必不可少的装备，一套宇航服造价为数百万美元。,宇航服,IS_A,装备,DEF_IS_A_ROOT_NOUN_SAFE_V2,,
4114,除宇宙射线给人体造成伤害之外，空间漂浮的宇宙垃圾也是对宇航员的一大威胁。,垃圾,IS_A,威胁,DEF_IS_A_ROOT_NOUN_SAFE_V2,,
4160,证明、说明、表明、指出、发现、总结出  事实证明：与其他能源相比，核能是一种安全可靠的能源。,核能,IS_A,能源,DEF_IS_A_ROOT_NOUN_SAFE_V2,,
4219,总之，铁是一种比较活泼的金属。,总之,IS_A,金属,DEF_IS_A_ROOT_NOUN_SAFE_V2,,
4230,压强P是垂直作用于物体上的压力F跟受力面积S的比值。,压强,IS_A,比值,DEF_IS_A_ROOT_NOUN_SAFE_V2,,
4278,飞机机翼的上表面是个向上的弧形，机翼下表面是平的。,表面,IS_A,弧形,DEF_IS_A_ROOT_NOUN_SAFE_V2,,
4294,它外表并非黑色，而是醒目的橙色。,外表,IS_A,橙色,DEF_IS_A_ROOT_NOUN_SAFE_V2,,
4371,氧气、氮气以及惰性气体是空气的固定成分；二氧化碳和水蒸气是可变成分，因天气和地区而不同。,氧气,IS_A,成分,DEF_IS_A_ROOT_NOUN_SAFE_V2,,
4377,氮气是无色、无味的气体。,氮气,IS_A,气体,DEF_IS_A_ROOT_NOUN_SAFE_V2,,
4381,因此氮气是一种重要的化学工业原料。,氮气,IS_A,原料,DEF_IS_A_ROOT_NOUN_SAFE_V2,,
4382,惰性气体是氮、氦、氩、氪、氙、氩等气体的总称。,惰性气体,IS_A,总称,DEF_IS_A_ROOT_NOUN_SAFE_V2,,
4425,盐酸是重要的化工原料。,盐酸,IS_A,化工原料,DEF_IS_A_ROOT_NOUN_SAFE_V2,,
4503,计算机是由电子元器件构成的，而在电子元器件中最易实现的是二进制。,计算机,IS_A,二进制,DEF_IS_A_ROOT_NOUN_SAFE_V2,,
4506,二进制中的简单加法是最基本的运算，减法是加法的逆运算，乘法是连加，除法是乘法的逆运算。,加法,IS_A,运算,DEF_IS_A_ROOT_NOUN_SAFE_V2,,
4516,因此，对于计算机而言，二进制仍然是目前最适合的编码形式。,二进制,IS_A,形式,DEF_IS_A_ROOT_NOUN_SAFE_V2,,
4529,计算机的软件 计算机的软件是计算机系统中的程序和有关的文件。,软件,IS_A,文件,DEF_IS_A_ROOT_NOUN_SAFE_V2,,
4530,程序是对计算机任务的处理对象和处理规则的描述；有关的文件是为了便于了解程序所需的说明资料。,程序,IS_A,描述,DEF_IS_A_ROOT_NOUN_SAFE_V2,,
4535,软件又是计算机系统中的指挥者，它规定了各项计算任务内部的工作内容和工作流程以及各项任务之间的调度和协调。,软件,IS_A,指挥者,DEF_IS_A_ROOT_NOUN_SAFE_V2,,
4540,而应用软件是特定应用领域专用的软件，不同的应用软件根据不同的用户和所服务的领域提供相应的功能。,应用软件,IS_A,软件,DEF_IS_A_ROOT_NOUN_SAFE_V2,,
4599,激光发生器是20世纪以来，继原子能、电子计算机、半导体之后，人类的又一重大发明。,发生器,IS_A,发明,DEF_IS_A_ROOT_NOUN_SAFE_V2,,
4661,光学显微镜是由几个透镜组合构成的一种光学仪器，它可以把微小的物体放大成为人们的肉眼所能看到的影像。,显微镜,IS_A,光学仪器,DEF_IS_A_ROOT_NOUN_SAFE_V2,,
4704,电视节目 电视机是我们日常生活中非常熟悉、不可或缺的家电。,电视机,IS_A,家电,DEF_IS_A_ROOT_NOUN_SAFE_V2,,
4816,红外线是一种波长极短的电磁波，用它作遥控开关的媒介，不会对其他电器造成干扰。,红外线,IS_A,电磁波,DEF_IS_A_ROOT_NOUN_SAFE_V2,,
4834,空间站是可以供多名航天员长期工作和居住以及生产、试验的载人航天器，是目前在太空中运行的质量最大、容积最大、技术最复杂的人造天体。,空间站,IS_A,天体,DEF_IS_A_ROOT_NOUN_SAFE_V2,,
4835,空间站是宇宙飞船发展的必然结果。,空间站,IS_A,必然结果,DEF_IS_A_ROOT_NOUN_SAFE_V2,,
4841,完工后的国际空间站，由6个实验舱、1个居住舱、2个连接舱、服务系统及运输系统组成，是个总长88米、质量约430吨的庞然大物。,空间站,IS_A,庞然大物,DEF_IS_A_ROOT_NOUN_SAFE_V2,,
4951,燃料电池是一种化学电池，它利用物质发生化学反应时释放的能量，将其直接转变为电能。,燃料电池,IS_A,化学电池,DEF_IS_A_ROOT_NOUN_SAFE_V2,,
5111,如图所示的等腰△ABC是轴对称图形，B和C是关于角平分线AD所在直线的对称点，△ABD和△ADC是关于AD的对称三角形。,等腰,IS_A,图形,DEF_IS_A_ROOT_NOUN_SAFE_V2,,
5218,矩形、菱形和正方形是特殊的平行四边形。,矩形,IS_A,平行四边形,DEF_IS_A_ROOT_NOUN_SAFE_V2,,
5294,钢铁是人类现代生活和生产中应用最广泛、需求量最大的金属材料，人们将它称为"工业的骨骼"，并将它的产量的高低，看成是衡量一个国家实力大小的重要标准之一。,钢铁,IS_A,金属材料,DEF_IS_A_ROOT_NOUN_SAFE_V2,,
5335,函数是数学中一个重要的基本概念，也是微积分研究的对象。,函数,IS_A,对象,DEF_IS_A_ROOT_NOUN_SAFE_V2,,
5374,如果内接正多边形的边数无限增多，那么内接正多边形面积的极限，就是圆的面积。,极限,IS_A,面积,DEF_IS_A_ROOT_NOUN_SAFE_V2,,
5392,氧元素就是所有氧原子的总称，碳元素是所有碳原子的总称。,元素,IS_A,总称,DEF_IS_A_ROOT_NOUN_SAFE_V2,,
5401,氧气里的氧元素就是游离态的，二氧化碳、四氧化三铁里的氧元素就是化合态的。,元素,IS_A,游离态,DEF_IS_A_ROOT_NOUN_SAFE_V2,,
5436,氧气的物理性质 氧是一种没有颜色、没有气味、没有味道的气体。,物理性质,IS_A,气体,DEF_IS_A_ROOT_NOUN_SAFE_V2,,
5495,汽车在一段平直的公路上运动，如果每小时通过的路程都是公里，每分钟通过的路程都是公里，我们就说汽车在作匀速直线运动。,路程,IS_A,公里,DEF_IS_A_ROOT_NOUN_SAFE_V2,,
5557,在物理学中，力和在力的方向上发生的位移，是做功的两个不可缺少的因素。,位移,IS_A,因素,DEF_IS_A_ROOT_NOUN_SAFE_V2,,
5679,在原子核内发现的核力是与万有引力和电磁力本质上不同的物质之间一种新的基本相互作用。,核力,IS_A,相互作用力,DEF_IS_A_ROOT_NOUN_SAFE_V2,,
5704,计算机病毒是一种可以自我复制的程序，一段可执行码。,计算机病毒,IS_A,程序,DEF_IS_A_ROOT_NOUN_SAFE_V2,,
5719,直角坐标系是常用的一种坐标系，但是它并不是用数表示点的位置的唯一方法。,直角坐标,IS_A,坐标系,DEF_IS_A_ROOT_NOUN_SAFE_V2,,
5722,这种用角和距离来确定点的位置的想法，便是引入极坐标的基本思想。,用角,IS_A,思想,DEF_IS_A_ROOT_NOUN_SAFE_V2,,
5722,这种用角和距离来确定点的位置的想法，便是引入极坐标的基本思想。,想法,IS_A,思想,DEF_IS_A_ROOT_NOUN_SAFE_V2,,
5789,一般人造卫星的运行轨道是椭圆形的。,轨道,IS_A,椭圆形,DEF_IS_A_ROOT_NOUN_SAFE_V2,,
5814,元素周期表是元素周期律的表现形式，它反映了元素之间相互联系的规律。,周期表,IS_A,表现形式,DEF_IS_A_ROOT_NOUN_SAFE_V2,,
5981,王冠不是纯金的 很久以前，有一个国王，他叫人给他做一个王冠，王冠一定要好看，而且必须是纯金的。,王冠,IS_A,很久以前,DEF_IS_A_ROOT_NOUN_SAFE_V2,,
5998,所以，王冠不是纯金的。,王冠,IS_A,纯金,DEF_IS_A_ROOT_NOUN_SAFE_V2,,
6050,这个孩子就是著名的德国数学家高斯。,孩子,IS_A,数学家,DEF_IS_A_ROOT_NOUN_SAFE_V2,,
6163,指南针一头指南、另一头指北，是因为地球的地磁极和北极对指南针吸引的结果。,指南,IS_A,结果,DEF_IS_A_ROOT_NOUN_SAFE_V2,,
6164,所以指南针指的南北，并不是地球地理上的南、北极的方向，而是地磁南、北极的方向。,南北,IS_A,方向,DEF_IS_A_ROOT_NOUN_SAFE_V2,,
6204,月球是地球的一个天然卫星，它以一定的速度绕地球运转。,月球,IS_A,卫星,DEF_IS_A_ROOT_NOUN_SAFE_V2,,
6225,纯铜虽然是电气工业上使用最多的材料，但在其他工业上使用最多的却是铜合金。,纯铜,IS_A,铜合金,DEF_IS_A_ROOT_NOUN_SAFE_V2,,
6253,某些金属元素在气态下是非金属，某些非金属，如磷在高压下却具有金属的特性。,金属元素,IS_A,非金属,DEF_IS_A_ROOT_NOUN_SAFE_V2,,
6255,体温表里的银白色液体是水银，温度计里的红色液体是着色酒精。,液体,IS_A,水银,DEF_IS_A_ROOT_NOUN_SAFE_V2,,
6319,记忆合金是一种特殊的金属，在高温下，这种合金可以被变成任何你想要的形状；在较低的温度下，合金可以被拉伸，但是如果对它重新加热，它就会记起原来的形状并自动变回去。,记忆合金,IS_A,金属,DEF_IS_A_ROOT_NOUN_SAFE_V2,,
6331,数码相机的核心是一个叫做电荷耦合器件的光敏芯片，电荷耦合器件表面包含有几十万至几百万个光敏元件，称为像素。,核心,IS_A,芯片,DEF_IS_A_ROOT_NOUN_SAFE_V2,,
6339,数码相机得到的图像其实就是一组数值的集合。,图像,IS_A,集合,DEF_IS_A_ROOT_NOUN_SAFE_V2,,
6343,地球周围由空气形成的大气层是一种密度不均匀的介质。,大气层,IS_A,介质,DEF_IS_A_ROOT_NOUN_SAFE_V2,,
6372,这是飞机在夜空中飞过，闪烁的彩灯就是机身上的航行灯。,彩灯,IS_A,航行灯,DEF_IS_A_ROOT_NOUN_SAFE_V2,,
6375,"""红绿灯""其实就是为飞机导航的航行灯。",红绿灯,IS_A,航行灯,DEF_IS_A_ROOT_NOUN_SAFE_V2,,
6384,这种辐射是一种热辐射，其本质是由于物质吸收热量后，为了消除能量不均衡而使能量转移的一种过程。,辐射,IS_A,热辐射,DEF_IS_A_ROOT_NOUN_SAFE_V2,,
6392,太阳能 太阳是一个巨大而炽热的气体火球，它的内部在不断地进行热核反应，释放出巨大的能量。,太阳,IS_A,火球,DEF_IS_A_ROOT_NOUN_SAFE_V2,,
6406,因为用于测量的指纹仅是相当小的一片表皮，所以指纹采集设备应该有足够好的分辨率以获得指纹的细节。,指纹,IS_A,表皮,DEF_IS_A_ROOT_NOUN_SAFE_V2,,
6438,普通的单色光其实并不是单一的频率，每种颜色的光都有一定的波长宽度，叫做色带。,单色光,IS_A,频率,DEF_IS_A_ROOT_NOUN_SAFE_V2,,
6471,等离子体是正离子、电子和中性粒子的混合体。,等离子体,IS_A,混合体,DEF_IS_A_ROOT_NOUN_SAFE_V2,,
6477,超导体最重要的特性是零电阻和完全抗磁性，这在实际上有非常重要的应用价值。,特性,IS_A,电阻,DEF_IS_A_ROOT_NOUN_SAFE_V2,,
6550,月球上有哪些资源 月球是地球唯一的天然卫星，也是离地球最近的天体。,月球,IS_A,天体,DEF_IS_A_ROOT_NOUN_SAFE_V2,,
6602,太阳辐射是一种取之不尽、用之不竭的能源，而且没有污染，被人们称为清洁能源。,太阳辐射,IS_A,能源,DEF_IS_A_ROOT_NOUN_SAFE_V2,,
6609,煤炭、石油、天然气都是化石燃料，它们是由古代埋在地下的动植物经过漫长的年代转化形成的，这其实是由古代生物固定下来的太阳能。,煤炭,IS_A,燃料,DEF_IS_A_ROOT_NOUN_SAFE_V2,,
6618,原子核能是蕴藏在物质结构内部的、由原子核运动状态发生变化所释放的巨大能量。,原子核,IS_A,能量,DEF_IS_A_ROOT_NOUN_SAFE_V2,,
6705,太阳是太阳系的中心，它是一个巨大的火球，不停地散发着光和热。,太阳,IS_A,中心,DEF_IS_A_ROOT_NOUN_SAFE_V2,,
6736,笛卡尔是世纪法国的数学家，他善于思考，很注重生活中与数学有关的问题。,笛卡尔,IS_A,数学家,DEF_IS_A_ROOT_NOUN_SAFE_V2,,
6817,一个面是多边形，其余各面是一个公共顶点的三角形，由这些面所围成的几何体叫做棱锥。,一个,IS_A,多边形,DEF_IS_A_ROOT_NOUN_SAFE_V2,,
6832,正棱台的两个底面是相似正多边形，两底面中心连线、两底面的边心距和斜高组成直角梯形。,底面,IS_A,正多边形,DEF_IS_A_ROOT_NOUN_SAFE_V2,,
6837,棱台的侧面是全等的等腰梯形。,侧面,IS_A,梯形,DEF_IS_A_ROOT_NOUN_SAFE_V2,,
6886,变量是数学分析研究的基本对象。,变量,IS_A,对象,DEF_IS_A_ROOT_NOUN_SAFE_V2,,
6898,一般地，一次函数的图像是一条经过点，并且与正比例函数平行的直线。,图像,IS_A,直线,DEF_IS_A_ROOT_NOUN_SAFE_V2,,
6909,一次函数和直线方程在生产和科学研究中应用很广，也是我们学习其他函数和曲线方程的基础。,一次函数,IS_A,基础,DEF_IS_A_ROOT_NOUN_SAFE_V2,,
6909,一次函数和直线方程在生产和科学研究中应用很广，也是我们学习其他函数和曲线方程的基础。,方程,IS_A,基础,DEF_IS_A_ROOT_NOUN_SAFE_V2,,
7025,播客是博客的升级，是有声有色的博客。,播客,IS_A,博客,DEF_IS_A_ROOT_NOUN_SAFE_V2,,
7026,播客是一个以互联网为载体的个人电台和电视台。,播客,IS_A,电台,DEF_IS_A_ROOT_NOUN_SAFE_V2,,
7074,动量是矢量，它的方向就是物体速度的方向。,动量,IS_A,矢量,DEF_IS_A_ROOT_NOUN_SAFE_V2,,
7084,外力的合力为零或者整个系统不受到外力，就是动量守恒的条件。,合力,IS_A,条件,DEF_IS_A_ROOT_NOUN_SAFE_V2,,
7093,动量是标量，它的方向就是物体速度的方向。,动量,IS_A,标量,DEF_IS_A_ROOT_NOUN_SAFE_V2,,
7101,动量守恒定律是人们认识自然、改造自然的重要工具。,守恒定律,IS_A,工具,DEF_IS_A_ROOT_NOUN_SAFE_V2,,
7133,交流电就是强度和方向都随时间作周期性变化的电流。,交流电,IS_A,电流,DEF_IS_A_ROOT_NOUN_SAFE_V2,,
7280,气质是内在散发出来的一种魅力，化妆虽能改变容貌，但的气质要靠内在修养才能形成。,气质,IS_A,魅力,DEF_IS_A_ROOT_NOUN_SAFE_V2,,
7289,荠菜是很普遍的一种野菜，一般的田间地头、草地上都能看到。,荠菜,IS_A,野菜,DEF_IS_A_ROOT_NOUN_SAFE_V2,,
7381,我的专业是法律，音乐只是作为一种爱好。,专业,IS_A,法律,DEF_IS_A_ROOT_NOUN_SAFE_V2,,
7529,蝴蝶是一种很奇特的现代两栖动物。,蝴蝶,IS_A,两栖动物,DEF_IS_A_ROOT_NOUN_SAFE_V2,,
7541,丛林是红松鼠的家园，它轻巧的身体使它能够敏捷地在树枝上跳来跳去。,丛林,IS_A,家园,DEF_IS_A_ROOT_NOUN_SAFE_V2,,
7545,秋天是寻找红松鼠的最佳季节，因为这时它们正忙着储藏坚果过冬，尽管它们实际上并不冬眠。,秋天,IS_A,季节,DEF_IS_A_ROOT_NOUN_SAFE_V2,,
7662,这种松鼠不仅有与众不同的发红皮毛，它们的基因也与生活在英国其他地区和欧洲大陆的松鼠不同，是一种"独特"的松鼠种属。,松鼠,IS_A,种属,DEF_IS_A_ROOT_NOUN_SAFE_V2,,
7662,这种松鼠不仅有与众不同的发红皮毛，它们的基因也与生活在英国其他地区和欧洲大陆的松鼠不同，是一种"独特"的松鼠种属。,基因,IS_A,种属,DEF_IS_A_ROOT_NOUN_SAFE_V2,,
7734,信天翁是一种充满传奇色彩而且很有诗意的动物。,信天翁,IS_A,动物,DEF_IS_A_ROOT_NOUN_SAFE_V2,,
7786,犀牛也是大型陆生动物，头上的角坚硬而粗大，形状像巨大的铁钉，连狮子、老虎也抵挡不住。,犀牛,IS_A,陆生动物,DEF_IS_A_ROOT_NOUN_SAFE_V2,,
7849,这种神秘的化学物质是氢氧自由基，它是由一个氧原子和一个氢原子组成的化学活性物质，氧化能力相当强。,化学物质,IS_A,自由基,DEF_IS_A_ROOT_NOUN_SAFE_V2,,
7897,赤道是最热的地方吗？,赤道,IS_A,地方,DEF_IS_A_ROOT_NOUN_SAFE_V2,,
7902,赤道附近大多是海洋，一方面海水蒸发会吸收大量热量，另一方面海水的热容量大，水温升高要比陆地慢。,附近,IS_A,海洋,DEF_IS_A_ROOT_NOUN_SAFE_V2,,
8206,每年秋天，漫山遍野都是观赏红叶的人群。,漫山遍野,IS_A,人群,DEF_IS_A_ROOT_NOUN_SAFE_V2,,
8218,红叶，你是风雨一年的收获，你是又一载充满幻想的开始。,红叶,IS_A,收获,DEF_IS_A_ROOT_NOUN_SAFE_V2,,
8292,今后，纳米防水薄膜的开发应当与此类能源设备的研制结合起来，这是引人注目的应用前景。,开发,IS_A,前景,DEF_IS_A_ROOT_NOUN_SAFE_V2,,
8438,下定义能准确揭示事物的本质，是科技说明文常用的方法。,下定义,IS_A,方法,DEF_IS_A_ROOT_NOUN_SAFE_V2,,
8442,肥料是能供给养分使植物生长的物质。,肥料,IS_A,物质,DEF_IS_A_ROOT_NOUN_SAFE_V2,,
8452,蚕的小小身躯是一座非常奇妙的"加工厂"。,身躯,IS_A,加工厂,DEF_IS_A_ROOT_NOUN_SAFE_V2,,
8602,这两大系统是人体其他系统的调节指挥中心，它们发生的紊乱会导致其他系统中某些器官发生病变。,系统,IS_A,中心,DEF_IS_A_ROOT_NOUN_SAFE_V2,,
8604,许多与心脏和心脑血管有关的疾病都是过劳死的潜在隐患。,疾病,IS_A,隐患,DEF_IS_A_ROOT_NOUN_SAFE_V2,,
8605,患有高血压的病人也是过劳死的高发人群。,病人,IS_A,人群,DEF_IS_A_ROOT_NOUN_SAFE_V2,,
8917,蝴蝶翅膀是天然的发光二极管 一颗最新的研究结果显示：在研制发光二极管方面，科学家远远落在了自然造化的后面。,翅膀,IS_A,结果显示,DEF_IS_A_ROOT_NOUN_SAFE_V2,,
9096,因为它是用硝石、硫黄和木炭这三种物质混合制成的，而当时这三种东西都是 人们用来治病的药物成分，所以取名"火药"，意思是"着火的药"。,东西,IS_A,成分,DEF_IS_A_ROOT_NOUN_SAFE_V2,,
9299,人工湿地是模拟和强化自然湿地功能的结果。,湿地,IS_A,结果,DEF_IS_A_ROOT_NOUN_SAFE_V2,,
9301,基质由砂和石构成，是湿地中最基础的物质。,基质,IS_A,物质,DEF_IS_A_ROOT_NOUN_SAFE_V2,,
9447,纯循环小数是从小数部分第一位开始循环的小数。,循环小数,IS_A,小数,DEF_IS_A_ROOT_NOUN_SAFE_V2,,
9472,实数是有理数和无理数的统称。,实数,IS_A,统称,DEF_IS_A_ROOT_NOUN_SAFE_V2,,
9505,任何一个集合是它本身的子集，即任何一个集合是它本身的子集，即。,集合,IS_A,子集,DEF_IS_A_ROOT_NOUN_SAFE_V2,,
9548,在数的运算中，减法是加法的逆运算，其运算是"减去一个数等于加上这个数的相反数"。,减法,IS_A,逆运算,DEF_IS_A_ROOT_NOUN_SAFE_V2,,
9637,正比例函数是一次函数的特例，性质也与一次函数相同。,函数,IS_A,特例,DEF_IS_A_ROOT_NOUN_SAFE_V2,,
9709,北京小米公司是一家很有发展前景的创新型企业，公司成立于年月日。,公司,IS_A,企业,DEF_IS_A_ROOT_NOUN_SAFE_V2,,
9734,"二次函数的图像是双曲线,反比例函数的图像是一条永无止境的抛物线。",图像,IS_A,抛物线,DEF_IS_A_ROOT_NOUN_SAFE_V2,,
9823,若其底面是正多边形，且顶点在底面的射影是底面的中心，则该棱锥称为正棱锥。,射影,IS_A,中心,DEF_IS_A_ROOT_NOUN_SAFE_V2,,
9875,"""北航""是北京航空航天大学的简称。",北航,IS_A,简称,DEF_IS_A_ROOT_NOUN_SAFE_V2,,
9884,地球并不是一个正圆形的球体，赤道有些微的鼓起。,地球,IS_A,球体,DEF_IS_A_ROOT_NOUN_SAFE_V2,,
9891,假设是两个质数，那么关于的方程的整数解仅有一组：和。,假设,IS_A,质数,DEF_IS_A_ROOT_NOUN_SAFE_V2,,
9904,它的旋转轴是半圆的所在的直线，图点叫作，连接点与球面上任意一点的叫作球的半径。,旋转轴,IS_A,直线,DEF_IS_A_ROOT_NOUN_SAFE_V2,,
9946,蜂巢是怎样的几何体？,蜂巢,IS_A,几何体,DEF_IS_A_ROOT_NOUN_SAFE_V2,,
9949,足球是怎样的几何体？,足球,IS_A,几何体,DEF_IS_A_ROOT_NOUN_SAFE_V2,,
9998,如果一个整数能被另一个整数整除，那么后者就是前者的因数。,后者,IS_A,因数,DEF_IS_A_ROOT_NOUN_SAFE_V2,,
10045,文字是记录语言的符号体系，是最重要的扩大语言交际作用的辅助工具。,文字,IS_A,辅助工具,DEF_IS_A_ROOT_NOUN_SAFE_V2,,
10067,大脑是人体的神经中枢，人体的一切生理活动都由大脑和指挥。,大脑,IS_A,神经中枢,DEF_IS_A_ROOT_NOUN_SAFE_V2,,
10117,"结构系统是它的躯壳,保护内部各组织;动力系统是它的心脏,由燃料部分和发动机部分组成;控制系统好比它的大脑,指挥火箭飞多快,怎样飞和飞到哪儿。",系统,IS_A,躯壳,DEF_IS_A_ROOT_NOUN_SAFE_V2,,
10133,图射箭 重力势能和弹性势能是常见的两种势能。,重力势能,IS_A,势能,DEF_IS_A_ROOT_NOUN_SAFE_V2,,
10172,能量是一个比较抽象的概念，我们既不能看到它，也不能摸到它，只能通过有关的物理现象来肯定它的存在。,能量,IS_A,概念,DEF_IS_A_ROOT_NOUN_SAFE_V2,,
10184,大气的物理特性和化学构成的变化是影响气候变化的重要因素。,特性,IS_A,因素,DEF_IS_A_ROOT_NOUN_SAFE_V2,,
10192,中国是由个民族组成的统一的多民族国家。,中国,IS_A,国家,DEF_IS_A_ROOT_NOUN_SAFE_V2,,
10199,天然气是不可再生能源，它燃烧时把化学能转化为内能，进而转化为汽车的机械能。,天然气,IS_A,再生能源,DEF_IS_A_ROOT_NOUN_SAFE_V2,,
10285,电子是带有最小负电荷的粒子。,电子,IS_A,粒子,DEF_IS_A_ROOT_NOUN_SAFE_V2,,
10305,导线是电流的路径，起输送电能的作用。,导线,IS_A,路径,DEF_IS_A_ROOT_NOUN_SAFE_V2,,
10326,电磁继电器实质上是一个由电磁铁控制的开关。,继电器,IS_A,开关,DEF_IS_A_ROOT_NOUN_SAFE_V2,,
10341,两国之间的界线就是这条河的中心线。,界线,IS_A,中心线,DEF_IS_A_ROOT_NOUN_SAFE_V2,,
10480,意大利航海家亚美利哥证实哥伦布到达的地方不是印度，而是一块所谓的"新大陆"。,航海家,IS_A,新大陆,DEF_IS_A_ROOT_NOUN_SAFE_V2,,
10563,光波也是电磁波，无线电波也有和光波同样的特性， 图电磁波磁场、电场及其传播方向之间关系示意图 如当它通过不同介质时，也会发生折射、反射、绕射、散射及吸收等。,光波,IS_A,电磁波,DEF_IS_A_ROOT_NOUN_SAFE_V2,,
10564,在空间传播的电磁波，距离最近的电场强度方向相同和量值最大的两点之间的距离，就是电磁波的波长。,距离,IS_A,波长,DEF_IS_A_ROOT_NOUN_SAFE_V2,,
10570,"""力线""是否应为假想的？",力线,IS_A,假想,DEF_IS_A_ROOT_NOUN_SAFE_V2,,
10618,这个常数跟介质有关系，是一个反映介质的光学性质的物理量，我们把它叫作介质的折射率。,常数,IS_A,物理量,DEF_IS_A_ROOT_NOUN_SAFE_V2,,
10672,时间的最大特性是它的不性，这极大地增加了时间的价值。,特性,IS_A,不性,DEF_IS_A_ROOT_NOUN_SAFE_V2,,
10708,神奇的激光 在一般人的心目中，太阳光可能是世界上光度最强的光。,太阳光,IS_A,光,DEF_IS_A_ROOT_NOUN_SAFE_V2,,
11283,升交点赤经是地球赤道面内升交点与春分点之间的地心夹角。,赤经,IS_A,夹角,DEF_IS_A_ROOT_NOUN_SAFE_V2,,
11971,开普勒第一定律(又称椭圆轨道定律)：所有行星绕太阳运动的轨道都是椭圆，太阳处于椭圆的一个焦点上。,定律,IS_A,椭圆,DEF_IS_A_ROOT_NOUN_SAFE_V2,,
11982,图12-2 开普勒轨道参数 轨道倾角 是卫星轨道面与赤道面之间的夹角。,倾角,IS_A,夹角,DEF_IS_A_ROOT_NOUN_SAFE_V2,,
12094,火星是地球的过去还是未来？,火星,IS_A,未来,DEF_IS_A_ROOT_NOUN_SAFE_V2,,
12130,区分分子分散系、胶体分散系、粗分散系三者的主要依据是分散相粒子的大小。,依据,IS_A,大小,DEF_IS_A_ROOT_NOUN_SAFE_V2,,
12208,位于318国道边的扎西岗村是林芝首批参与旅游业的村庄。,村是,IS_A,村庄,DEF_IS_A_ROOT_NOUN_SAFE_V2,,
12208,位于318国道边的扎西岗村是林芝首批参与旅游业的村庄。,林芝,IS_A,村庄,DEF_IS_A_ROOT_NOUN_SAFE_V2,,
12263,新冠肺炎疫情，是新中国成立以来我国遭遇的传播速度最快、感染范围最广、防控难度最大的一次重大突发公共卫生事件。,疫情,IS_A,事件,DEF_IS_A_ROOT_NOUN_SAFE_V2,,
12464,上海中心大厦不仅是一个地标，它同时象征着创造未来城市的新道路。,大厦,IS_A,地标,DEF_IS_A_ROOT_NOUN_SAFE_V2,,
12505,国家体育场工程是特级体育建筑，主体结构设计使用年限100年，主体建筑是由一系列钢桁架围绕碗状座位区编制而成的椭圆鸟巢外形，南北长333米，东西宽296米，最高处高69米。,工程,IS_A,建筑,DEF_IS_A_ROOT_NOUN_SAFE_V2,,
12534,同时，都江堰也代表了我国当时水利工程的先进水平，这是我国现存世界上历史最长的，仍一直使用，以无坝引水为特征的宏大水利工程，是古代劳动人民智慧的成果。,都江堰,IS_A,成果,DEF_IS_A_ROOT_NOUN_SAFE_V2,,
12534,同时，都江堰也代表了我国当时水利工程的先进水平，这是我国现存世界上历史最长的，仍一直使用，以无坝引水为特征的宏大水利工程，是古代劳动人民智慧的成果。,水利工程,IS_A,成果,DEF_IS_A_ROOT_NOUN_SAFE_V2,,
12559,对称式平面与封闭式外观是四合院的两个主要特点，这种布局适合中国古代社会的宗法与礼教制度，便于安排家庭成员的住所，易形成安静舒适的生活环境。,外观,IS_A,特点,DEF_IS_A_ROOT_NOUN_SAFE_V2,,
12626,植物是另一个重要的要素。,植物,IS_A,要素,DEF_IS_A_ROOT_NOUN_SAFE_V2,,
12654,吊脚楼是苗族的传统建筑，是中国特有的古老建筑形式。,吊脚楼,IS_A,形式,DEF_IS_A_ROOT_NOUN_SAFE_V2,,
12693,基站是 5G 投资的重要组成，相关专家表示，5G 基站不论是造价还是运营成本等，均比 4G 时代有 2 倍至 3 倍的增加。,基站,IS_A,组成,DEF_IS_A_ROOT_NOUN_SAFE_V2,,
12769,杜绝违禁内容的出现是未成年人网络生态治理的首要要求。,出现,IS_A,要求,DEF_IS_A_ROOT_NOUN_SAFE_V2,,
12774,人工审核的协同是处理违禁信息的关键。,协同,IS_A,关键,DEF_IS_A_ROOT_NOUN_SAFE_V2,,
12777,家庭的引导和监督是内容安全防护不可或缺的一环。,引导,IS_A,一环,DEF_IS_A_ROOT_NOUN_SAFE_V2,,
12942,北京冬奥会总导演张艺谋在接受媒体采访时说，开幕式是一朵雪花和一块冰的故事。,总导演,IS_A,故事,DEF_IS_A_ROOT_NOUN_SAFE_V2,,
12942,北京冬奥会总导演张艺谋在接受媒体采访时说，开幕式是一朵雪花和一块冰的故事。,开幕式,IS_A,故事,DEF_IS_A_ROOT_NOUN_SAFE_V2,,
12948,初等平面几何的主要研究对象实质上是直线与圆，平面解析几何的主要研究对象是直线与二次曲线，而代数几何的研究对象则是复空间中的代数曲线。,对象,IS_A,直线,DEF_IS_A_ROOT_NOUN_SAFE_V2,,
13016,微积分是微分和积分的统称。,微积分,IS_A,统称,DEF_IS_A_ROOT_NOUN_SAFE_V2,,
13062,格伦·费什曼是心脏科主任，研究的是心电传导，他的实验室团队非常想找到心律失常的原因。,格伦,IS_A,心脏科主任,DEF_IS_A_ROOT_NOUN_SAFE_V2,,
13116,数列就是一组有序排列的数字，它们不仅在大自然中广泛存在，而且可以应用到人们的生活中。,数列,IS_A,数字,DEF_IS_A_ROOT_NOUN_SAFE_V2,,
13239,在数学教材中，"概率"是用来刻画事件出现的可能性大小的数量指标，记作，其取值范围是。,概率,IS_A,数量指标,DEF_IS_A_ROOT_NOUN_SAFE_V2,,
13316,五笔字型完全依据笔画和字形特征对汉字进行编码，是典型的"形码"。,五笔字型,IS_A,形码,DEF_IS_A_ROOT_NOUN_SAFE_V2,,
13343,部件是由笔画构成的具有组配汉字功能的构字单位。,部件,IS_A,单位,DEF_IS_A_ROOT_NOUN_SAFE_V2,,
13344,大部分部首是汉字的部件，有的部首是单一部件中的一个笔画，有的部首可以分成几个部件。,部首,IS_A,部件,DEF_IS_A_ROOT_NOUN_SAFE_V2,,
13348,五笔字型输入法 1983年8月，王永民推出了完全依据笔画和字形特征对汉字进行编码的输入法，即五笔字型输入法，这是一种典型的"形码"。,王永民,IS_A,形码,DEF_IS_A_ROOT_NOUN_SAFE_V2,,
13421,移动支付等无现金支付是一个健康的趋势。,支付,IS_A,趋势,DEF_IS_A_ROOT_NOUN_SAFE_V2,,
13432,一方面，现金是中央银行给老百姓提供的一个基础的金融服务，中央银行希望在减少使用现金的情况下，通过数字人民币的方式，提供一个安全的、代表中央银行信用、成本低的支付工具；另一方面，在互联网数字转型的背景下，数字经济快速发展，大家对非接触式支付的需求更多，数字人民币给我们提供了一个很大的空间。,现金,IS_A,金融服务,DEF_IS_A_ROOT_NOUN_SAFE_V2,,
13448,电商直播购物作为一种线上新型消费，折射出现代经济发展的变革，是消费方式的创新。,购物,IS_A,创新,DEF_IS_A_ROOT_NOUN_SAFE_V2,,
13498,成像清晰应该是所有镜头的追求。,清晰,IS_A,追求,DEF_IS_A_ROOT_NOUN_SAFE_V2,,
13576,太阳能是人类可以利用的最丰富的能源。,太阳能,IS_A,能源,DEF_IS_A_ROOT_NOUN_SAFE_V2,,
13581,风能是自然界洁净无污染的可再生能源。,风能,IS_A,再生能源,DEF_IS_A_ROOT_NOUN_SAFE_V2,,
13588,目前能够被利用的地热能物质，主要是地下的天然蒸汽和热水。,物质,IS_A,蒸汽,DEF_IS_A_ROOT_NOUN_SAFE_V2,,
13623,超级电容器储能 电容器是电力系统中广泛应用的一种设备。,电容器,IS_A,设备,DEF_IS_A_ROOT_NOUN_SAFE_V2,,
13630,压缩空气储能 压缩空气储能不是像电池储能那样的简单储能系统，它是一种燃气轮机发电设备，对于同样的电力输出，它使用的燃气要比普通燃气轮机少40%。,储能,IS_A,系统,DEF_IS_A_ROOT_NOUN_SAFE_V2,,
13636,概念 分布式发电技术是一种产生电能或存储能量的系统。,技术,IS_A,系统,DEF_IS_A_ROOT_NOUN_SAFE_V2,,
13675,所谓"微观世界"，一定是非常小的世界，那么，多小的世界才是微观世界呢？,微观世界,IS_A,世界,DEF_IS_A_ROOT_NOUN_SAFE_V2,,
13701,《九章算术》的出现标志着中国古代数学形成了完整的理论体系，是一部具有里程碑意义的著作。,出现,IS_A,著作,DEF_IS_A_ROOT_NOUN_SAFE_V2,,
13725,"""量子""是中国古代伟大的思想家、科学家、教育家、军事家和社会活动家，他在光学、力学、代数、几何、工程技术等众多领域都有深入的研究，量子最早的小孔成像实验，第一次对光沿直线传播进行了科学的解释，为量子通信的发展奠定了基础，量子的成就如此之大，这就不难理解为什么中国的科学家要用他的名字命名中国自主研制的世界上首颗空间量子科学实验卫星了。",量子,IS_A,思想家,DEF_IS_A_ROOT_NOUN_SAFE_V2,,
13729,量子通信是量子信息学的一个重要部分，量子通信具有绝对保密、通信容量大、传输速度快等优点，可以完成经典通信不能完成的特殊任务。,通信,IS_A,部分,DEF_IS_A_ROOT_NOUN_SAFE_V2,,
13732,量子态隐形传输 量子态隐形传输一直是科学家和大众的关注焦点。,传输,IS_A,焦点,DEF_IS_A_ROOT_NOUN_SAFE_V2,,
13843,半导体与集成电路 半导体是导电性能介于导体和绝缘体之间的材料。,半导体,IS_A,材料,DEF_IS_A_ROOT_NOUN_SAFE_V2,,
13857,LED的工作原理是电致发光，当电流通过半导体PN结时，电子与空穴复合，以光子的形式释放能量。,原理,IS_A,电致发光,DEF_IS_A_ROOT_NOUN_SAFE_V2,,
13881,信息公开透明、科学决策、快速反应是成功应对公共卫生危机的关键。,公开,IS_A,关键,DEF_IS_A_ROOT_NOUN_SAFE_V2,,
13910,食物中的营养素 食物是人类获取营养、维持生命活动的基础。,食物,IS_A,基础,DEF_IS_A_ROOT_NOUN_SAFE_V2,,
13914,碳水化合物是人体的主要供能物质。,碳水化合物,IS_A,物质,DEF_IS_A_ROOT_NOUN_SAFE_V2,,
13922,食品安全与食品科技 食品安全是关系人民群众身体健康和生命安全的重大民生问题。,食品安全,IS_A,民生问题,DEF_IS_A_ROOT_NOUN_SAFE_V2,,
13932,饮食文化与健康 饮食不仅是维持生命的手段，也是文化的重要载体。,饮食,IS_A,载体,DEF_IS_A_ROOT_NOUN_SAFE_V2,,
13946,饮食健康是每个人都关心的话题。,健康,IS_A,话题,DEF_IS_A_ROOT_NOUN_SAFE_V2,,
13956,元素周期表是化学元素按照原子序数从小到大排列的表格。,周期表,IS_A,表格,DEF_IS_A_ROOT_NOUN_SAFE_V2,,
13958,周期表揭示了元素性质的周期性变化规律，是化学研究的重要工具。,周期表,IS_A,工具,DEF_IS_A_ROOT_NOUN_SAFE_V2,,
13962,直到今天，周期表仍然是化学研究的基础，新元素的合成和性质研究仍在继续。,周期表,IS_A,基础,DEF_IS_A_ROOT_NOUN_SAFE_V2,,
13965,硅是地壳中含量第二的元素，是半导体工业的重要材料，也是玻璃、陶瓷、水泥的主要成分。,元素,IS_A,成分,DEF_IS_A_ROOT_NOUN_SAFE_V2,,
13980,原子经济性、使用无害试剂、设计安全化学品是绿色化学的重要原则。,经济性,IS_A,原则,DEF_IS_A_ROOT_NOUN_SAFE_V2,,
13982,化学元素是构成物质世界的基础。,化学元素,IS_A,基础,DEF_IS_A_ROOT_NOUN_SAFE_V2,,
13999,圆是轴对称图形，对称轴是直径所在的直线。,对称轴,IS_A,直线,DEF_IS_A_ROOT_NOUN_SAFE_V2,,
14061,统计学是一门关注数据的学科，它可以借助统计学知识探究现实背后的数量变化规律、构建模型、预测发展，进而指导现实工作。,统计学,IS_A,学科,DEF_IS_A_ROOT_NOUN_SAFE_V2,,
14111,鸿蒙系统是华为推出的一款面向全场景的分布式操作系统。,系统,IS_A,操作系统,DEF_IS_A_ROOT_NOUN_SAFE_V2,,
14112,分布式操作系统就是一组相互连接并能交换信息的计算机形成的一个网络。,操作系统,IS_A,网络,DEF_IS_A_ROOT_NOUN_SAFE_V2,,
14115,车联网是物联网技术在交通系统中的应用。,联网,IS_A,应用,DEF_IS_A_ROOT_NOUN_SAFE_V2,,
14117,在车联网领域中，汽车是一个非常重要的节点。,汽车,IS_A,节点,DEF_IS_A_ROOT_NOUN_SAFE_V2,,
14138,经典力学的基本定律是牛顿运动定律或与牛顿定律有关且等价的其他力学原理。,基本定律,IS_A,原理,DEF_IS_A_ROOT_NOUN_SAFE_V2,,
14225,这件衣服洗过以后就不是以前的颜色了。,衣服,IS_A,颜色,DEF_IS_A_ROOT_NOUN_SAFE_V2,,
14351,艾萨克·牛顿(Isaac Newton)是英国也是全世界伟大的数学家、 物理学家、天文学家和自然哲学家，他的研究领域包括物理学、数 学、天文学、神学、自然哲学和炼金术等。,艾萨克,IS_A,数学家,DEF_IS_A_ROOT_NOUN_SAFE_V2,,
14351,艾萨克·牛顿(Isaac Newton)是英国也是全世界伟大的数学家、 物理学家、天文学家和自然哲学家，他的研究领域包括物理学、数 学、天文学、神学、自然哲学和炼金术等。,英国,IS_A,数学家,DEF_IS_A_ROOT_NOUN_SAFE_V2,,
14642,也就是说，物体运动的加速度与它所受的力是正比关系，与它的质量是反比关系。,加速度,IS_A,关系,DEF_IS_A_ROOT_NOUN_SAFE_V2,,
14982,重力是根据力的性质的。,重力,IS_A,性质,DEF_IS_A_ROOT_NOUN_SAFE_V2,,
15059,居里夫人是历史上第一个获得 诺贝尔奖的女性，也是第一个在不同领域获得两项诺贝尔 的人。,居里夫人,IS_A,人,DEF_IS_A_ROOT_NOUN_SAFE_V2,,
15098,惯性是个比较抽象的量。,惯性,IS_A,量,DEF_IS_A_ROOT_NOUN_SAFE_V2,,
15209,蜡烛是一种可以的物质。,蜡烛,IS_A,物质,DEF_IS_A_ROOT_NOUN_SAFE_V2,,
15263,数学是重要的基础科学，物理学、化学、生物学、经济学、军事学等都越来越需要数学。,数学,IS_A,基础科学,DEF_IS_A_ROOT_NOUN_SAFE_V2,,
15335,动能就是物体运动具有的能量。,动能,IS_A,能量,DEF_IS_A_ROOT_NOUN_SAFE_V2,,
15406,人体也是导体，电压越高，通过的电流越大，对人身就越有危险。,人体,IS_A,导体,DEF_IS_A_ROOT_NOUN_SAFE_V2,,
15412,在常温、常压下，臭氧是一种有特殊臭味的淡蓝色气体，它的密度比氧气大，比氧气易溶于水，液态呈深蓝色，固态时呈紫黑色。,臭氧,IS_A,气体,DEF_IS_A_ROOT_NOUN_SAFE_V2,,
15617,地球表面70%的面积是海洋，30%的面积是陆地。,面积,IS_A,海洋,DEF_IS_A_ROOT_NOUN_SAFE_V2,,
15743,一个是直角，一组临边相等的平行四边形叫做正方形。,一个,IS_A,直角,DEF_IS_A_ROOT_NOUN_SAFE_V2,,
17108,阿拉伯数字是现在国际通用的数字，不论你走到国家，随便翻开一本数学书，你会在那些看不懂的文字中，看到一些你非常熟悉的数字符号"0、1、2、3、4、5、6、7、8、9"。,阿拉伯数字,IS_A,数字,DEF_IS_A_ROOT_NOUN_SAFE_V2,,
17128,实际上，偶数就是"2的倍数"的另一种说法。,偶数,IS_A,说法,DEF_IS_A_ROOT_NOUN_SAFE_V2,,
17169,分子是组成物质的基本单位，分子是由原子构成的。,分子,IS_A,单位,DEF_IS_A_ROOT_NOUN_SAFE_V2,,
17221,物态是固体存在的物理状态 物态是液体存在的物理状态 物态是气体存在的物理状态 物态是物质存在的物理状态 下面哪个不是水的物态？,物态,IS_A,状态,DEF_IS_A_ROOT_NOUN_SAFE_V2,,
17240,量子物理学是物理学的一个分支；分流学科。,物理学,IS_A,分支,DEF_IS_A_ROOT_NOUN_SAFE_V2,,
17266,元素周期律和元素周期表在自然科学中的许多领域，如化学、物理学、生物学、地球化学等方面，都是重要的工具。,周期律,IS_A,工具,DEF_IS_A_ROOT_NOUN_SAFE_V2,,
17268,比如特种合金材料的制造，在元素周期表里从ⅢB到ⅥB的过渡元素，是制造特种合金的良好材料，是制造飞机、导弹、火箭等的不可缺少的金属。,元素,IS_A,金属,DEF_IS_A_ROOT_NOUN_SAFE_V2,,
17299,碘字，"石"是形旁，"典"是声旁，碘的读音与"典"相同。,碘字,IS_A,形旁,DEF_IS_A_ROOT_NOUN_SAFE_V2,,
17312,原子好像一个太阳系，它的中心是原子核，在原子核周围，有数目的带负电的电子在不断运动。,原子,IS_A,太阳系,DEF_IS_A_ROOT_NOUN_SAFE_V2,,
17314,氢原子核是最小的原子核，它的质量是电子质量的1836。,氢原子,IS_A,原子核,DEF_IS_A_ROOT_NOUN_SAFE_V2,,
17339,氧原子和氢原子是比水分子更小的微粒。,氧原子,IS_A,微粒,DEF_IS_A_ROOT_NOUN_SAFE_V2,,
17375,宇宙是物质的，宇宙间充满了运动着的各种形态的物质。,宇宙,IS_A,物质,DEF_IS_A_ROOT_NOUN_SAFE_V2,,
17376,我们居住的地球是太阳的一颗大行星。,地球,IS_A,大行星,DEF_IS_A_ROOT_NOUN_SAFE_V2,,
17390,新星并不是新的星星，只是亮度变大了的星星。,新星,IS_A,星星,DEF_IS_A_ROOT_NOUN_SAFE_V2,,
17395,所有这些天体是不断地运动、变化和互相转化的东西。,天体,IS_A,东西,DEF_IS_A_ROOT_NOUN_SAFE_V2,,
17402,太阳系 太阳系就是我们现在所在的恒星系统，它是以太阳为中心，和所有受到太阳引力约束的天体的集合体。,太阳系,IS_A,系统,DEF_IS_A_ROOT_NOUN_SAFE_V2,,
17419,倍数的表达 对于整数 m ，能被 n 整除，那么 m 就是 n 的倍数。,表达,IS_A,倍数,DEF_IS_A_ROOT_NOUN_SAFE_V2,,
17441,天上的无数星星，除了一些行星和流星外，绝大部分是遥远的"太阳"。,星星,IS_A,太阳,DEF_IS_A_ROOT_NOUN_SAFE_V2,,
17521,摄氏度和华氏度都是用来计量温度的单位。,摄氏度,IS_A,单位,DEF_IS_A_ROOT_NOUN_SAFE_V2,,
17542,温泉就是热的泉水。,温泉,IS_A,泉水,DEF_IS_A_ROOT_NOUN_SAFE_V2,,
17554,其实，这些温泉的出现，还是地下岩浆活动的结果。,出现,IS_A,结果,DEF_IS_A_ROOT_NOUN_SAFE_V2,,
17561,温泉的出现，是地下岩浆活动的结果 火山的爆发，是地下岩浆活动的结果 地下水被岩浆加热形成了温泉 温泉都是在很深的地下形成的 下面哪个数字不可能是温泉的温度？,出现,IS_A,爆发,DEF_IS_A_ROOT_NOUN_SAFE_V2,,
17608,转基因技术 提取特定生物体基因组中所需要的目的基因，也可以是人工合成指定序列的 DNA 片段。,基因,IS_A,片段,DEF_IS_A_ROOT_NOUN_SAFE_V2,,
17620,农业现代化 农业转型 规模农业 养殖业 下面哪个不是规模农业出现的因素。,养殖业,IS_A,因素,DEF_IS_A_ROOT_NOUN_SAFE_V2,,
17744,就生活环境而言，这个城市并不是理想的居住地。,城市,IS_A,居住地,DEF_IS_A_ROOT_NOUN_SAFE_V2,,
17771,在国际单位制里，电容的单位是法拉，简称法，符号是F，常用的电容单位有毫法、微法、纳法和皮法等。,单位,IS_A,法拉,DEF_IS_A_ROOT_NOUN_SAFE_V2,,
17869,吸气式发动机中、在超音速流动状态下的混合、点火等，都是过去的理论和实践未能解决的难题。,发动机,IS_A,难题,DEF_IS_A_ROOT_NOUN_SAFE_V2,,
17869,吸气式发动机中、在超音速流动状态下的混合、点火等，都是过去的理论和实践未能解决的难题。,混合,IS_A,难题,DEF_IS_A_ROOT_NOUN_SAFE_V2,,
17934,"""艾滋病""的 ""艾滋"" 是 的音译，""病"" 是后加上去的。",艾滋,IS_A,音译,DEF_IS_A_ROOT_NOUN_SAFE_V2,,
17944,流水线在工业生产中应用十分广泛，是非常重要的角色，流水线的好坏直接关系着产品的质量和生产效率。,流水线,IS_A,角色,DEF_IS_A_ROOT_NOUN_SAFE_V2,,
17974,数码相机是电子和机械的产品。,数码相机,IS_A,产品,DEF_IS_A_ROOT_NOUN_SAFE_V2,,
17991,二进制是计算机技术中广泛采用的一种数制。,二进制,IS_A,数制,DEF_IS_A_ROOT_NOUN_SAFE_V2,,
17995,计算机中的二进制则是一个非常微小的开关，用"开"来表示，"关"来表示。,二进制,IS_A,开关,DEF_IS_A_ROOT_NOUN_SAFE_V2,,
18017,路由器 路由器是一种负责寻径的网络设备，它在互联网中从多条路径中寻找通信量最少的一条网络路径提供给用户通信。,路由器,IS_A,网络设备,DEF_IS_A_ROOT_NOUN_SAFE_V2,,
18033,操作系统是计算机发展中的产物，它的主要目的有两个：一是方便用户使用计算机，是用户和计算机的接口，比如用户键入一条简单的命令就能自动完成复杂的功能，这就是操作系统帮助的结果；二是统一管理计算机系统的全部资源，合理组织计算机工作流程，以便充分、合理地发挥计算机的效率。,操作系统,IS_A,产物,DEF_IS_A_ROOT_NOUN_SAFE_V2,,
18042,经济的发展是提高人民生活水平的前提条件。,发展,IS_A,前提条件,DEF_IS_A_ROOT_NOUN_SAFE_V2,,
18054,是中央处理器，是计算机配置中的核心，它是由运算器、控制器和寄存器组成的。,中央处理器,IS_A,核心,DEF_IS_A_ROOT_NOUN_SAFE_V2,,
18062,一个细胞就是一个小小的生命，它也像人一样有生老病死，细胞的生死构成了人的生命过程。,细胞,IS_A,生命,DEF_IS_A_ROOT_NOUN_SAFE_V2,,
18068,就算是这样，卵细胞还是人体细胞中的六个头。,卵细胞,IS_A,头,DEF_IS_A_ROOT_NOUN_SAFE_V2,,
18073,它的长度可达米以上，是人体中最长的细胞。,长度,IS_A,细胞,DEF_IS_A_ROOT_NOUN_SAFE_V2,,
18073,它的长度可达米以上，是人体中最长的细胞。,可达米,IS_A,细胞,DEF_IS_A_ROOT_NOUN_SAFE_V2,,
18083,系统 系统是生物机体内能够完成共同生理功能而组成的多个器官的总称。,系统,IS_A,总称,DEF_IS_A_ROOT_NOUN_SAFE_V2,,
18087,神经元是神经系统的基本结构和功能单位之一，它具有感受刺激和传导兴奋的功能。,神经元,IS_A,结构,DEF_IS_A_ROOT_NOUN_SAFE_V2,,
18103,循环系统是人体的体液及其借以循环流动的管道组成的系统。,循环系统,IS_A,系统,DEF_IS_A_ROOT_NOUN_SAFE_V2,,
18109,内分泌腺是人体内一些无输出导管的腺体。,内分泌腺,IS_A,腺体,DEF_IS_A_ROOT_NOUN_SAFE_V2,,
18115,生殖系统是生物体内的和生殖密切相关的器官成分的总称。,生殖系统,IS_A,总称,DEF_IS_A_ROOT_NOUN_SAFE_V2,,
18133,表皮在皮肤的最外面，是一层无生命的角质层，它是用来保护真皮的。,表皮,IS_A,角质层,DEF_IS_A_ROOT_NOUN_SAFE_V2,,
18152,细胞是构成人体的单位。,细胞,IS_A,单位,DEF_IS_A_ROOT_NOUN_SAFE_V2,,
18161,一个国家是由多个行政区组成的的整体。,国家,IS_A,整体,DEF_IS_A_ROOT_NOUN_SAFE_V2,,
18177,这四个密码实际上是四种不同的物质，它们之间通过化学键连在一起，而基因中这样的信息链不是一条，而是两条。,密码,IS_A,物质,DEF_IS_A_ROOT_NOUN_SAFE_V2,,
18199,分子是染色体的物质基础。,分子,IS_A,物质基础,DEF_IS_A_ROOT_NOUN_SAFE_V2,,
18204,生物圈是一个封闭且能自我调控的系统。,生物圈,IS_A,系统,DEF_IS_A_ROOT_NOUN_SAFE_V2,,
18205,地球是整个宇宙中唯一已知的有生物生存的地方。,地球,IS_A,地方,DEF_IS_A_ROOT_NOUN_SAFE_V2,,
18213,可遗传的变异 可遗传的变异是生物进化的原始材料，可遗传的变异主要来自基因突变、基因重组和染色体变异。,变异,IS_A,材料,DEF_IS_A_ROOT_NOUN_SAFE_V2,,
18232,生物科技是我们对生命科学和生物技术的总称。,生物科技,IS_A,总称,DEF_IS_A_ROOT_NOUN_SAFE_V2,,
18234,从我们肉眼看不到的病毒到海洋里巨大的蓝鲸，还有我们人类自己，都是生命科学的研究对象。,蓝鲸,IS_A,对象,DEF_IS_A_ROOT_NOUN_SAFE_V2,,
18235,生命科学是一门基础科学，许多生命科学家的发现和研究成果都可以在农学或医学中得到应用。,生命科学,IS_A,基础科学,DEF_IS_A_ROOT_NOUN_SAFE_V2,,
18241,总之，生命科学研究是生物技术的基础，生物技术是生命科学的产业化应用。,研究,IS_A,基础,DEF_IS_A_ROOT_NOUN_SAFE_V2,,
18247,生命科学研究是生物技术的基础 生物技术是生命科学的产业化应用 古代人类开发利用了生物技术 古代人类对生物技术做了科学研究 世纪年代以后是生命科学和生物技术迅速发展的时期。,研究,IS_A,时期,DEF_IS_A_ROOT_NOUN_SAFE_V2,,
18299,遗传学是一门学科，研究生物起源、进化与发育的基因和基因组结构、功能与演变及其规律等。,遗传学,IS_A,学科,DEF_IS_A_ROOT_NOUN_SAFE_V2,,
18344,环境，创建美好未来是我们共同的愿望。,环境,IS_A,愿望,DEF_IS_A_ROOT_NOUN_SAFE_V2,,
18363,科学技术是先进生产力的集中体现和重要标志，是第一生产力。,科学技术,IS_A,生产力,DEF_IS_A_ROOT_NOUN_SAFE_V2,,
18375,微观经济 微观经济是指个量经济活动，即单个经济单位的经济活动。,微观经济,IS_A,活动,DEF_IS_A_ROOT_NOUN_SAFE_V2,,
18380,金融危机 金融危机是金融领域的危机。,金融危机,IS_A,危机,DEF_IS_A_ROOT_NOUN_SAFE_V2,,
18382,金融危机的导火索可以是任何国家的金融产品、市场和机构等。,导火索,IS_A,产品,DEF_IS_A_ROOT_NOUN_SAFE_V2,,
18468,食品是可供人类食用或饮用的物质。,食品,IS_A,物质,DEF_IS_A_ROOT_NOUN_SAFE_V2,,
18511,生产已不再是经济增长的瓶颈。,生产,IS_A,瓶颈,DEF_IS_A_ROOT_NOUN_SAFE_V2,,
18553,中微子是奥地利物理学家泡利在1931年设想出来的一种小粒子。,中微子,IS_A,粒子,DEF_IS_A_ROOT_NOUN_SAFE_V2,,
18568,"""莫比乌斯带""是一个魔术师的发明。",乌斯带,IS_A,发明,DEF_IS_A_ROOT_NOUN_SAFE_V2,,
18641,新元素原子质量约为氢原子质量的277倍，是得到国际纯粹与应用化学联合会正式承认的最重的元素。,原子质量,IS_A,元素,DEF_IS_A_ROOT_NOUN_SAFE_V2,,
18670,红灶鸟是阿根廷的国鸟，它以搭建奇异的"面包烤炉"而著称。,红灶鸟,IS_A,国鸟,DEF_IS_A_ROOT_NOUN_SAFE_V2,,
18738,Kohn雪花和Sierp-inski三角形也是比较典型的分形图形，它们都有严格的自相似特性。,雪花,IS_A,图形,DEF_IS_A_ROOT_NOUN_SAFE_V2,,
18773,无论雪花怎么轻小，怎么奇妙万千，它的结晶都是有规律的六角形。,结晶,IS_A,六角形,DEF_IS_A_ROOT_NOUN_SAFE_V2,,
18777,其实，冰山并不是真正的山，而是漂浮在海洋中的巨大冰块。,冰山,IS_A,冰块,DEF_IS_A_ROOT_NOUN_SAFE_V2,,
18799,Sierp-inski三角形也是一种典型的分形图形，但它不具有无限细致性。,三角形,IS_A,图形,DEF_IS_A_ROOT_NOUN_SAFE_V2,,
18863,分子云聚积到一起是由于万有引力的作用。,分子,IS_A,作用,DEF_IS_A_ROOT_NOUN_SAFE_V2,,
18890,恒温动物是进化的产物，在广大的动物界只有鸟类和哺乳动物的大多数是恒温动物，而其余的绝大多数是变温动物。,恒温动物,IS_A,产物,DEF_IS_A_ROOT_NOUN_SAFE_V2,,
18931,竞赛数学是介乎高等数学与初等数学之间的一门交叉学科。,数学,IS_A,交叉学科,DEF_IS_A_ROOT_NOUN_SAFE_V2,,
18932,生命科学中的分支，像心理学、医学伦理学、社会生物学等，都是介乎自然科学与社会科学之间的学科。,分支,IS_A,学科,DEF_IS_A_ROOT_NOUN_SAFE_V2,,
19009,海马，并非是生活在海里的马，而是一种形状古怪的小型鱼类。,海马,IS_A,鱼类,DEF_IS_A_ROOT_NOUN_SAFE_V2,,
19090,蟹状星云发出很强的X射线源、无线电波、可见光和Y射线，是一座名副其实的大功率"宇宙广播台"。,星云,IS_A,广播台,DEF_IS_A_ROOT_NOUN_SAFE_V2,,
19091,黑洞是一个名副其实的"太空魔王"。,黑洞,IS_A,魔王,DEF_IS_A_ROOT_NOUN_SAFE_V2,,
19154,大爆炸理论是宇宙起源的著名假说。,理论,IS_A,假说,DEF_IS_A_ROOT_NOUN_SAFE_V2,,
19240,碳纳米管是一种中空的碳纤维，直径只有几纳米。,碳纳米管,IS_A,碳纤维,DEF_IS_A_ROOT_NOUN_SAFE_V2,,
19300,作用是植物吸收和运输水分的主要动力。,作用,IS_A,动力,DEF_IS_A_ROOT_NOUN_SAFE_V2,,
19418,极昼和极夜是只有在南、北极圈内才能看到的一种奇特的自然现象。,极昼,IS_A,现象,DEF_IS_A_ROOT_NOUN_SAFE_V2,,
19512,但是树的能源完全是另外一回事。,能源,IS_A,回事,DEF_IS_A_ROOT_NOUN_SAFE_V2,,
19686,这个吸引力是物质的重力。,吸引力,IS_A,重力,DEF_IS_A_ROOT_NOUN_SAFE_V2,,
19718,暗物质是一种人们根本看不到的物质。,暗物质,IS_A,物质,DEF_IS_A_ROOT_NOUN_SAFE_V2,,
19770,沼泽地不能长庄稼，有些沼泽下面是无底的泥潭，看上去好像毛绒绒的绿色地毯。,沼泽地,IS_A,庄稼,DEF_IS_A_ROOT_NOUN_SAFE_V2,,
20132,热传导就是热粒子的传递。,热传导,IS_A,传递,DEF_IS_A_ROOT_NOUN_SAFE_V2,,
20217,两个粒子可以不需要中间的媒介就相互产生作用是量子纠缠的结果。,粒子,IS_A,结果,DEF_IS_A_ROOT_NOUN_SAFE_V2,,
20218,量子力学是现代物理学的基石。,量子力学,IS_A,基石,DEF_IS_A_ROOT_NOUN_SAFE_V2,,
20235,利用体外受精、体细胞核移植等技术获得的囊胚，其体外培养期限自受精或核移植开始，不得超过天，这是目前大多数国家认可的科学伦理底线。,囊胚,IS_A,底线,DEF_IS_A_ROOT_NOUN_SAFE_V2,,
20260,就目前而言，用人造器官移植只是器官移植领域内的一种权宜之计。,器官移植,IS_A,权宜之计,DEF_IS_A_ROOT_NOUN_SAFE_V2,,
20269,大王花是世界上最大的花。,大王,IS_A,花,DEF_IS_A_ROOT_NOUN_SAFE_V2,,
20271,海绵是动物界中结构最简单的多细胞动物。,海绵,IS_A,动物,DEF_IS_A_ROOT_NOUN_SAFE_V2,,
20306,这种诊断对病人痛苦，副作用，是医生看病的好助手。,诊断,IS_A,好助手,DEF_IS_A_ROOT_NOUN_SAFE_V2,,
20306,这种诊断对病人痛苦，副作用，是医生看病的好助手。,副作用,IS_A,好助手,DEF_IS_A_ROOT_NOUN_SAFE_V2,,
20335,蜂窝是一座十分精密的建筑工程。,蜂窝,IS_A,建筑工程,DEF_IS_A_ROOT_NOUN_SAFE_V2,,
20341,虽然蜂窝是一个三维建筑，但每一个蜂巢都是六面柱体，因而蜂蜡墙的总面积仅与蜂巢的截面有关。,蜂巢,IS_A,柱体,DEF_IS_A_ROOT_NOUN_SAFE_V2,,
20383,青壮年工蜂分泌出的新鲜蜂蜡是一片一片的六边形。,蜂蜡,IS_A,六边形,DEF_IS_A_ROOT_NOUN_SAFE_V2,,
20393,人脑是动物界高度发展的产物，任何动物的脑都不能人脑。,人脑,IS_A,产物,DEF_IS_A_ROOT_NOUN_SAFE_V2,,
20778,碳酸是由碳和氧组成的化合物。,碳酸,IS_A,化合物,DEF_IS_A_ROOT_NOUN_SAFE_V2,,
20918,海洋微生物通过光合作用来制造养分实际上是适应环境的一个表现。,微生物,IS_A,表现,DEF_IS_A_ROOT_NOUN_SAFE_V2,,
21168,顾名思义，"电子警察"不是真人警察，而是一种能做真人警察的工作。,顾名思义,IS_A,工作,DEF_IS_A_ROOT_NOUN_SAFE_V2,,
21168,顾名思义，"电子警察"不是真人警察，而是一种能做真人警察的工作。,电子警察,IS_A,工作,DEF_IS_A_ROOT_NOUN_SAFE_V2,,
21171,它的作用是全天二十四小时监控路上的交通违章行为。,作用,IS_A,行为,DEF_IS_A_ROOT_NOUN_SAFE_V2,,
21190,好国家的珍贵动物是每个公民的责任。,动物,IS_A,责任,DEF_IS_A_ROOT_NOUN_SAFE_V2,,
21192,"""地图""其实是一台电脑，里面储存着巴黎市区道路交通的有关资料，行人只要用手指按一下要去的地方名称，""地图""的扬声器就会和他说话。",地图,IS_A,电脑,DEF_IS_A_ROOT_NOUN_SAFE_V2,,
21198,会说话的"地图"实际上是一种电子仪器，它储存着巴黎市区道路交通的资料。,地图,IS_A,电子仪器,DEF_IS_A_ROOT_NOUN_SAFE_V2,,
21307,它的改变在假设里依赖于光线的强度，是依赖性的变量，是应变量。,改变,IS_A,变量,DEF_IS_A_ROOT_NOUN_SAFE_V2,,
21400,原来，制造隐形眼镜的材料聚甲基丙烯酸羟乙酯，是一种吸水性树脂，它的吸水量是自身重量的20多倍，有一定的透气性，可以附在眼球上，又能保持眼睛的正常供氧；它还具有亲水性，与水接触会变得非常柔软，配戴起来不会有不适的感觉。,乙酯,IS_A,树脂,DEF_IS_A_ROOT_NOUN_SAFE_V2,,
21435,纳米材料科学是一门新兴的尖端学科，而纳米物质却早已存在，只是当时人们还没认识到罢了。,科学,IS_A,学科,DEF_IS_A_ROOT_NOUN_SAFE_V2,,
21587,人的身体是一个传导体，它能够吸收静电，尤其在气候干燥的地方，人体所积存的静电，可高达几百到几千伏特。,身体,IS_A,传导体,DEF_IS_A_ROOT_NOUN_SAFE_V2,,
21702,理想的构成约是 1/7 的脂肪，1/7 的蛋白质和 5/7 的碳水化合物。,构成,IS_A,脂肪,DEF_IS_A_ROOT_NOUN_SAFE_V2,,
21706,理想的饮食构成约是 1/7 的脂肪，1/7 的蛋白质和 5/7 的碳水化合物。,饮食,IS_A,脂肪,DEF_IS_A_ROOT_NOUN_SAFE_V2,,
21793,贫血症是指一种血的病。,贫血症,IS_A,病,DEF_IS_A_ROOT_NOUN_SAFE_V2,,
21837,皮蛋又叫松花蛋，是中国一种传统美食。,皮蛋,IS_A,美食,DEF_IS_A_ROOT_NOUN_SAFE_V2,,
21895,液晶，顾名思义，就是液态的晶体。,液晶,IS_A,晶体,DEF_IS_A_ROOT_NOUN_SAFE_V2,,
21895,液晶，顾名思义，就是液态的晶体。,顾名思义,IS_A,晶体,DEF_IS_A_ROOT_NOUN_SAFE_V2,,
21915,海豚是一种讨人喜欢的海洋动物。,海豚,IS_A,动物,DEF_IS_A_ROOT_NOUN_SAFE_V2,,
22078,结构是建筑物的骨架，它为建筑提供合乎使用的空间并承受建筑物的全部重量，抵抗由于风雪、地震、土壤沉陷、温度引起的热胀冷缩变形等可能对建筑物产生的破坏。,结构,IS_A,骨架,DEF_IS_A_ROOT_NOUN_SAFE_V2,,
22090,列车运行最高速度从每小时的100千米，提高到每小时200千米是一个质的飞跃。,速度,IS_A,飞跃,DEF_IS_A_ROOT_NOUN_SAFE_V2,,
22160,十进制的 IP 地址比二进制的 IP 地址更好记忆，每一台电脑都有自己的 IP 地址，域名地址比 IP 地址更形象。,地址,IS_A,记忆,DEF_IS_A_ROOT_NOUN_SAFE_V2,,
22360,显然，空集是任何非空集合A的真子集，即∅⊂A。,空集,IS_A,子集,DEF_IS_A_ROOT_NOUN_SAFE_V2,,
22380,关于集合的几点小知识 属于关系∈与包含于关系⊆的区别 ∈是元素对集合的关系，而⊆是集合对集合的关系。,区别,IS_A,关系,DEF_IS_A_ROOT_NOUN_SAFE_V2,,
22405,百分数是分母为一百的分数，读作"百分之……" 例：读作"百分之九十四"，读作"百分之六"。,百分数,IS_A,分数,DEF_IS_A_ROOT_NOUN_SAFE_V2,,
22405,百分数是分母为一百的分数，读作"百分之……" 例：读作"百分之九十四"，读作"百分之六"。,分母,IS_A,分数,DEF_IS_A_ROOT_NOUN_SAFE_V2,,
22534,整式的各项系数一般都是有理数，因而关于数的运算规律也适用于整式运算。,系数,IS_A,有理数,DEF_IS_A_ROOT_NOUN_SAFE_V2,,
22559,在日常学习、生活、工作中，逻辑用语也是必不可少的工具。,用语,IS_A,工具,DEF_IS_A_ROOT_NOUN_SAFE_V2,,
22617,充要条件 在例题的第小题中，p⇒q，"三角形的三条边相等"是"三角形的三个角相等"的充分条件。,充要条件,IS_A,充分条件,DEF_IS_A_ROOT_NOUN_SAFE_V2,,
22694,由几种单色光合成的光叫做复色光，白光就是一种复色光。,白光,IS_A,复色光,DEF_IS_A_ROOT_NOUN_SAFE_V2,,
22706,透镜的两个表面，或至少一个表面是球面的一个部分。,表面,IS_A,部分,DEF_IS_A_ROOT_NOUN_SAFE_V2,,
22917,打印机是一种常见的设备。,打印机,IS_A,设备,DEF_IS_A_ROOT_NOUN_SAFE_V2,,
22930,太阳光是天然紫外线的最重要来源。,太阳光,IS_A,来源,DEF_IS_A_ROOT_NOUN_SAFE_V2,,
22968,路程和位移 路程是物体运动轨迹的长度，是标量。,路程,IS_A,标量,DEF_IS_A_ROOT_NOUN_SAFE_V2,,
22979,速度是矢量，瞬时速度的大小通常叫做速率。,速度,IS_A,矢量,DEF_IS_A_ROOT_NOUN_SAFE_V2,,
23033,位移是矢量，位移的方向即质点运动的方向。,位移,IS_A,方向,DEF_IS_A_ROOT_NOUN_SAFE_V2,,
23054,蹦极是一种极具挑战性的活动，蹦极者在上升过程中，看到地面越来越远，所选的参照物是。,蹦极,IS_A,活动,DEF_IS_A_ROOT_NOUN_SAFE_V2,,
23074,是实心木球，是形状、大小和完全相同的实心铁球，是质量、形状、大小和一样的空心铁球，三个球同时从同一高度由静止开始下落，如果不受阻力作用，则三个球落地的时间。,木球,IS_A,铁球,DEF_IS_A_ROOT_NOUN_SAFE_V2,,
23090,平抛运动是两个直线运动的合运动。,运动,IS_A,合运动,DEF_IS_A_ROOT_NOUN_SAFE_V2,,
23144,关联知识阅读 弧度制 数学和物理中，弧度是角的单位。,数学,IS_A,单位,DEF_IS_A_ROOT_NOUN_SAFE_V2,,
23236,滑轮 滑轮是周边有槽、能绕着轴转动的小轮。,滑轮,IS_A,小轮,DEF_IS_A_ROOT_NOUN_SAFE_V2,,
23245,被提升的重物对轴的作用力是阻力，绳子对轮的作用力是动力。,作用力,IS_A,阻力,DEF_IS_A_ROOT_NOUN_SAFE_V2,,
23254,自行车脚踏板与牙盘、汽车方向盘等都是轮轴应用的实例。,脚踏板,IS_A,实例,DEF_IS_A_ROOT_NOUN_SAFE_V2,,
23293,千克是重力的单位。,千克,IS_A,单位,DEF_IS_A_ROOT_NOUN_SAFE_V2,,
23327,几个力的合力就是这几个力的代数和。,合力,IS_A,代数和,DEF_IS_A_ROOT_NOUN_SAFE_V2,,
23354,扫地用的竹扫帚是一个省力杠杆。,扫帚,IS_A,杠杆,DEF_IS_A_ROOT_NOUN_SAFE_V2,,
23471,电路是全部电学实际应用的基础。,电路,IS_A,基础,DEF_IS_A_ROOT_NOUN_SAFE_V2,,
23552,电容器 电容器是储存电荷的装置。,电容器,IS_A,装置,DEF_IS_A_ROOT_NOUN_SAFE_V2,,
23566,电压是电路中形成电流的原因。,电压,IS_A,原因,DEF_IS_A_ROOT_NOUN_SAFE_V2,,
23575,安培是电流的单位，符号是。,安培,IS_A,单位,DEF_IS_A_ROOT_NOUN_SAFE_V2,,
23749,因此，原子是化学变化中的最小粒子。,原子,IS_A,粒子,DEF_IS_A_ROOT_NOUN_SAFE_V2,,
23774,离子跟原子、分子一样，离子也是构成物质的一种粒子。,离子,IS_A,粒子,DEF_IS_A_ROOT_NOUN_SAFE_V2,,
23807,品红在水中的挥发是分子运动的结果。,挥发,IS_A,结果,DEF_IS_A_ROOT_NOUN_SAFE_V2,,
24017,根据化学式进行的计算 化学式中各原子的相对原子质量的总和，就是相对分子的质量。,总和,IS_A,质量,DEF_IS_A_ROOT_NOUN_SAFE_V2,,
24110,物质中某元素的质量分数就是该元素的质量与组成这种物质的元素的总质量之比。,分数,IS_A,质量,DEF_IS_A_ROOT_NOUN_SAFE_V2,,
24137,甲醛是室内装修时产生的主要污染物质。,甲醛,IS_A,物质,DEF_IS_A_ROOT_NOUN_SAFE_V2,,
24423,物质中某元素的就是该元素的质量与组成这种物质的元素的总质量之比。,元素,IS_A,质量,DEF_IS_A_ROOT_NOUN_SAFE_V2,,
24466,物质中某元素的质量分数，就是该元素的组成物质的元素总质量之比。,分数,IS_A,比,DEF_IS_A_ROOT_NOUN_SAFE_V2,,
24657,生理盐水是溶质质量分数为的氯化钠溶液，现用生理盐水给某病人输液，进入病人体内的氯化钠的质量为。,生理盐水,IS_A,溶液,DEF_IS_A_ROOT_NOUN_SAFE_V2,,
24742,重力就是地球对地面上物体的吸引力。,重力,IS_A,吸引力,DEF_IS_A_ROOT_NOUN_SAFE_V2,,
24789,合金是由两种或两种以上的金属熔合而成的具有金属特性的物质。,合金,IS_A,物质,DEF_IS_A_ROOT_NOUN_SAFE_V2,,
24955,计算机基础 第一节 计算机概述 计算机是电子数字计算机的简称，它能够存储程序和数据并能够自动执行程序指令，是一种能自动、高速地进行数据加工和信息处理的电子设备。,计算机,IS_A,简称,DEF_IS_A_ROOT_NOUN_SAFE_V2,,
24962,计算机的核心部件是芯片，芯片是用硅材料制成的，上面集成了大量的电子元器件。,核心部件,IS_A,芯片,DEF_IS_A_ROOT_NOUN_SAFE_V2,,
24964,其中，微型机也称个人计算机，简称，是应用最广、体积最小、价格最低的一种计算机。,微型机,IS_A,计算机,DEF_IS_A_ROOT_NOUN_SAFE_V2,,
24996,键盘和鼠标是最常用的两种输入设备。,键盘,IS_A,设备,DEF_IS_A_ROOT_NOUN_SAFE_V2,,
24998,鼠标是一种手持式屏幕定位装置，当用户将鼠标在桌面上移动时，显示屏上的光标也随之移动。,鼠标,IS_A,装置,DEF_IS_A_ROOT_NOUN_SAFE_V2,,
25042,字节是数据处理最常用的基本单位，即以字节为单位存储和解释信息。,字节,IS_A,单位,DEF_IS_A_ROOT_NOUN_SAFE_V2,,
25163,应用软件是系统软件的核心。,应用软件,IS_A,核心,DEF_IS_A_ROOT_NOUN_SAFE_V2,,
25300,文档名是程序处理的数据库文件名称。,文档,IS_A,文件名称,DEF_IS_A_ROOT_NOUN_SAFE_V2,,
25364,桌面是屏幕上的整个工作区域，在桌面上的一些小图形被称作。,桌面,IS_A,区域,DEF_IS_A_ROOT_NOUN_SAFE_V2,,
25423,细胞质 细胞质是指细胞膜以内、细胞核以外的黏稠胶状物质。,细胞质,IS_A,物质,DEF_IS_A_ROOT_NOUN_SAFE_V2,,
25658,岩石圈是地球表层的固体部分。,岩石圈,IS_A,部分,DEF_IS_A_ROOT_NOUN_SAFE_V2,,
25660,岩石圈也是人类的"立足点"，人类的活动可以到达生物圈的各个圈层。,岩石圈,IS_A,立足点,DEF_IS_A_ROOT_NOUN_SAFE_V2,,
25687,因此，植物是生态系统中的生产者。,植物,IS_A,生产者,DEF_IS_A_ROOT_NOUN_SAFE_V2,,
25759,地球上适合生物生存的地方，其实只是它表面的一薄层，科学家把这一薄层叫做生物圈。,地方,IS_A,薄层,DEF_IS_A_ROOT_NOUN_SAFE_V2,,
25776,在自然环境中生物与环境之间是怎样的关系？,生物,IS_A,关系,DEF_IS_A_ROOT_NOUN_SAFE_V2,,
25881,生物圈是一个统一的整体，是地球上最大的生态系统。,生物圈,IS_A,生态系统,DEF_IS_A_ROOT_NOUN_SAFE_V2,,
25889,家用洗涤剂就是污水中磷的一个重要来源。,洗涤剂,IS_A,来源,DEF_IS_A_ROOT_NOUN_SAFE_V2,,
25977,正方形是一种特殊的菱形，因为它的四个角都是直角。,正方形,IS_A,菱形,DEF_IS_A_ROOT_NOUN_SAFE_V2,,
26320,kW·h 是电能的单位，而不是电功率的单位。,kW,IS_A,单位,DEF_IS_A_ROOT_NOUN_SAFE_V2,,
26335,一个确定的电容器的电容是定值，跟所带电荷量的多少和电势差的大小都无关，这就像是一个容积为50公升的水桶，不管桶里有没有水或有多少水，它的容积始终都是50公升。,电容,IS_A,定值,DEF_IS_A_ROOT_NOUN_SAFE_V2,,
26336,电场强度是矢量，而电荷分为正、负两种，电场强度的方向与正电荷的受力方向相同，而与负电荷的受力方向相反，所以不能说完全相同。,强度,IS_A,矢量,DEF_IS_A_ROOT_NOUN_SAFE_V2,,
26352,氢气(H₂)是由两个氢原子构成的分子，是双原子分子，不是单原子分子。,氢气,IS_A,分子,DEF_IS_A_ROOT_NOUN_SAFE_V2,,
26408,化合物是由不同元素组成的分子。,化合物,IS_A,分子,DEF_IS_A_ROOT_NOUN_SAFE_V2,,
26499,溶液的质量是溶质和溶剂的质量之和。,质量,IS_A,和,DEF_IS_A_ROOT_NOUN_SAFE_V2,,
26672,细胞膜是分布在细胞表面的一层薄膜。,细胞膜,IS_A,薄膜,DEF_IS_A_ROOT_NOUN_SAFE_V2,,
26678,细胞核是细胞内一个近似球形的结构。,细胞核,IS_A,结构,DEF_IS_A_ROOT_NOUN_SAFE_V2,,
26999,所谓太阳能，就是太阳的能量。,太阳能,IS_A,能量,DEF_IS_A_ROOT_NOUN_SAFE_V2,,
27080,定义+"是/就是"+解释 方程是含有未知数的等式。,方程,IS_A,等式,DEF_IS_A_ROOT_NOUN_SAFE_V2,,
32808,分子 分子是保持物质化学性质的最小粒子。,分子,IS_A,粒子,DEF_IS_A_ROOT_NOUN_SAFE_V2,,
32858,过氧化钠是淡黄色的固体，钠在空气中燃烧直接生成过氧化钠。,过氧化钠,IS_A,固体,DEF_IS_A_ROOT_NOUN_SAFE_V2,,
32861,碳酸钠和碳酸氢钠 碳酸氢钠俗称小苏打，是一种细小的白色晶体。,碳酸钠,IS_A,晶体,DEF_IS_A_ROOT_NOUN_SAFE_V2,,
34133,二氧化硫 二氧化硫是一种无色、有刺激性气味的有毒气体。,二氧化硫,IS_A,有毒气体,DEF_IS_A_ROOT_NOUN_SAFE_V2,,
34197,氮气的化学性质 氮气是由氮原子组成的双原子分子。,氮气,IS_A,分子,DEF_IS_A_ROOT_NOUN_SAFE_V2,,
34228,这一反应叫做氨的催化氧化，是工业上制硝酸的基础。,反应,IS_A,基础,DEF_IS_A_ROOT_NOUN_SAFE_V2,,
34402,水解反应是中和反应的逆反应。,水解反应,IS_A,逆反应,DEF_IS_A_ROOT_NOUN_SAFE_V2,,
34664,溴苯是密度大于水的无色液体。,溴苯,IS_A,液体,DEF_IS_A_ROOT_NOUN_SAFE_V2,,
38753,晶体硅的导电性介于导体和绝缘体之间，是良好的半导体材料。,导电性,IS_A,材料,DEF_IS_A_ROOT_NOUN_SAFE_V2,,
38761,硅酸不溶于水，是一种弱酸，它的酸性比碳酸还弱。,硅酸,IS_A,弱酸,DEF_IS_A_ROOT_NOUN_SAFE_V2,,
38764,硅芯片是各种计算机和微电子产品的核心，硅可制作硅太阳能电池。,芯片,IS_A,核心,DEF_IS_A_ROOT_NOUN_SAFE_V2,,
38778,硫酸铝钾是由两种不同的金属离子和一种酸根离子组成的化合物，它电离时能产生两种金属阳离子。,硫酸铝钾,IS_A,化合物,DEF_IS_A_ROOT_NOUN_SAFE_V2,,
39283,因此，力的方向也是力的一个要素。,方向,IS_A,要素,DEF_IS_A_ROOT_NOUN_SAFE_V2,,
39288,力是有大小和方向的物理量，所以力是一个矢量，用符号F来表示。,物理量,IS_A,矢量,DEF_IS_A_ROOT_NOUN_SAFE_V2,,
39309,重心就是重力的作用点。,重心,IS_A,作用点,DEF_IS_A_ROOT_NOUN_SAFE_V2,,
39526,力是改变物体运动状态的原因，而惯性是维持物体运动的原因。,惯性,IS_A,原因,DEF_IS_A_ROOT_NOUN_SAFE_V2,,
39841,匀强电场的电场线是距离相等的平行线。,电场线,IS_A,平行线,DEF_IS_A_ROOT_NOUN_SAFE_V2,,
26998, 所谓汉字，就是用来记录汉语的书面符号。,汉字,IS_A,记录汉语的书面符号,DEF_IS_A_ROOT_NOUN_SAFE_V2,,
17521,摄氏度和华氏度都是用来计量温度的单位。,摄氏度和华氏度,IS_A,计量温度的单位,DEF_IS_A_ROOT_NOUN_SAFE_V3,,
